CanonicalSMILES,CID
C.C1=CC(=CC=C1C=CC2=NC=CC(=C2)C3=CN(N=C3C4=CC=C(C=C4)F)CCO)F,159493145
C1=CC(=C(C=C1C(F)(F)F)C2=NC=CC(=C2)C3=CC(=CN=C3)C4=CN(N=C4)CCO)F,56597605
C1=CC(=C(C=C1F)C2=NC=CC(=C2)C3=CC(=CN=C3)C4=CN(N=C4)CCO)F,56597606
C1=CC(=CC(=C1)C2=C(C=NN2CCO)C3=CC=NC=C3)CN,66509291
C1=CC(=CC(=C1)C2=CC=NC=C2)CNC3=CN(N=C3)CCO,109982108
C1=CC(=CC(=C1)C2=CN=CC=C2)CNC3=CN(N=C3)CCO,109982100
C1=CC(=CC(=C1)C2=NC=CC(=C2)C(F)(F)F)C3=NN(C=C3)CCO,29184046
C1=CC(=CC(=C1)C2=NN(C=C2)CC(C(F)(F)F)O)C3=CN=CC=C3,28738019
C1=CC(=CC(=C1)C2=NN(C=C2)CCCO)C3=C(C=NC=C3)F,29256757
C1=CC(=CC(=C1)C2=NN(C=C2)CCCO)C3=NC=C(C=C3)C(F)(F)F,31105021
C1=CC(=CC(=C1)C2=NN(C=C2)CCCO)C3=NC=C(C=C3)F,31017858
C1=CC(=CC(=C1)C2=NN(C=C2)CCO)C3=NC=C(C=C3)C(F)(F)F,30920660
C1=CC(=CC(=C1)C2=NN(C=C2C3=CC=NC=C3)CCO)CN,66509292
C1=CC(=CC(=C1)C2=NN(C=C2C3=CC=NC=C3)CCO)CN.Cl.Cl,71298633
C1=CC(=CC(=C1)N2C=CC=N2)CN(CCO)CC3=CN=CC=C3,109932092
C1=CC(=CC=C1C#N)C2=CN=NN2C3=CC=NC=C3,102046610
C1=CC(=CC=C1C2=C(N(N=C2)CCCO)C3=CC=NC=C3)F,141929338
C1=CC(=CC=C1C2=C(N(N=C2)CCO)C3=CC=NC=C3)F,15908491
C1=CC(=CC=C1C2=CC=NN2CCO)C3=CC=NN3CCO,46184498
C1=CC(=CC=C1C2=CN(N=C2C3=CC=NC=C3)CCO)C4=NNNN4,163741857
C1=CC(=CC=C1C2=CN(N=C2C3=CC=NC=C3)CCO)C4=N[NH2+]NN4,163741856
C1=CC(=CC=C1C2=CN(N=C2C3=CC=NC=C3)CCO)F,15428662
C1=CC(=CC=C1C2=CON=C2C3=CC=NC=C3)F,49823286
C1=CC(=CC=C1C2=NN(C=C2C3=CC(=NC=C3)F)CCO)F,22037563
C1=CC(=CC=C1C2=NN(C=C2C3=CC=NC=C3)CC(CO)O)F,67107071
C1=CC(=CC=C1C2=NN(C=C2C3=CC=NC=C3)CCO)F,22037621
C1=CC(=CC=C1C2=NN(C=C2C3=CN=NC=C3)CCO)F,140011280
C1=CC(=CC=C1C2=NNN=C2C3=CC=NC=C3)F,22725982
C1=CC(=CC=C1C=CC2=NC=CC(=C2)C3=CN(N=C3C4=CC=C(C=C4)F)CCO)F,22037669
C1=CC(=CC=C1CC2=CC(=NN2CCCO)C3=CC=NC=C3)F,67092228
C1=CC(=CC=C1CC2=CC(=NN2CCO)C3=CC=NC=C3)F,67092297
C1=CC(=CC=C1CC2=NN(C(=C2)C3=CC=NC=C3)CCO)F,67092592
C1=CC(=CC=C1CCC2=NC=CC(=C2)C3=CN(N=C3C4=CC=C(C=C4)F)CCO)F,22037535
C1=CC(=CC=C1CNS(=O)(=O)C(F)(F)F)C2=CN(N=C2C3=CC=NC=C3)CCO,117906441
C1=CC(=CN=C1)C2=NN(C=C2)CCO,22715657
C1=CC(=CN=C1)CN(CCO)CC2=CC=C(C=C2)N3C=CC=N3,112307760
C1=CC2=C(C=CN=C2)C(=C1)C3=CN(N=C3C4=CC=NC=C4)CCO,141168291
C1=CC=C(C(=C1)C2=NC=CC(=C2)C3=CC(=CN=C3)C4=CN(N=C4)CCO)F,56597607
C1=CC=C(C=C1)C2=C(N(N=C2)CCO)C3=CC=NC=C3,20594016
C1=CC=C(C=C1)C2=CC(=NN2CC(O)O)C3=NC=C(C=C3)F,123525646
C1=CC=C(C=C1)C2=CC(=NN2CCO)C3=CC=CC=N3,24860166
C1=CC=C(C=C1)C2=CC(=NN2CCO)C3=CC=CC=N3.Cl[Pd]Cl,24860165
C1=CC=C(C=C1)C2=CC=C(C=C2)C3=NN(C=C3)CCO,4561512
C1=CC=C(C=C1)C2=CN(N=C2C3=CC=NC=C3)CCO,20594015
C1=CC=C(C=C1)C2=NN(C(=C2)C3=CC=CC=N3)CCO,101780933
C1=CC=C(C=C1)C2=NN(C=C2C3=CC=NC=C3)CCO,22953656
C1=CC=C(C=C1)CCC(CN2C(=CC=N2)C3=CN=CC=C3)O,86815175
C1=CC=C(C=C1)CCCC2=C(C(=NN2CCO)C3=CC=C(C=C3)F)C4=CC=NC=C4,21992402
C1=CC=C(C=C1)CCCC2=NN(C(=C2C3=CC=NC=C3)C4=CC=C(C=C4)F)CCO,21992368
C1=CC=C(C=C1)CCN(CCO)CC2=C(NN=C2)C3=CN=CC=C3,109933168
C1=CC=C(C=C1)CN(CCO)CC2=C(NN=C2)C3=CN=CC=C3,109925629
C1=CC=C(C=C1)CN2C=C(C=N2)CN(CCC3=CC=NC=C3)CCO,60296076
C1=CC=C(C=C1)CN2C=C(C=N2)CN(CCO)CC3=CC=CC=N3,111461970
C1=CC=C(C=C1)N2C=C(C(=N2)C3=CC=NC=C3)CNCCO,110878895
C1=CC=C(C=C1)N2C=C(C(=N2)C3=CN=CC=C3)CNCCO,17445531
C1=CC=C(C=C1)N2C=C(C=N2)CN(CCO)CC3=CN=CC=C3,112307999
C1=CC=C(C=C1)N2C=CC(=N2)CN(CCO)CC3=CN=CC=C3,112307922
C1=CC=C2C(=C1)C=C(C(=O)O2)C3=C(N=CS3)C4=CSC=C4,129860162
C1=CC=C2C(=C1)C=CN=C2C3=CC=CC(=C3)C4=NN(C=C4)CCCO,28239875
C1=CC=C2C(=C1)C=NC=C2C3=CC=CC(=C3)C4=NN(C=C4)CCO,31017319
C1=CC=C2C=C(C=CC2=C1)C3=C(N=NN3C4=CC=NC=C4)Cl,54583368
C1=CC=C2C=C(C=CC2=C1)C3=CC=NN3C4=CC=NC=C4,54585291
C1=CC=C2C=C(C=CC2=C1)C3=CN=NN3C4=CC=NC=C4,54585290
C1=CC=C2C=C(C=CC2=C1)C3=NNN=C3C4=CC=NC=C4,54584317
C1=CC=C2C=C(C=CC2=C1)N3C(=CN=N3)C4=CC=NC=C4,54587261
C1=CC=NC(=C1)C2=CC(=CC=C2)C3=NN(C=C3)CC(C(F)(F)F)O,45218970
C1=CC=NC(=C1)C2=CN(N=C2)CCO,121213929
C1=CN2C(=CC=N2)C(=C1)C3=CC=C(C=C3)CN4C=C(C=N4)CO,166351923
C1C(C(=NOCC2=CC=CC=C2)C3=CC=CC=C31)C4=C(N(N=C4)CCO)C5=CC=NC=C5,87805089
C1C(C(=NOCC2=CC=CC=C2)C3=CC=CC=C31)C4=CN(N=C4C5=CC=NC=C5)CCO,87803079
C1C(C2=CC=CC=C2C1=NO)C3=CN(N=C3C4=CC=NC=C4)CCO,60146017
C1C2=C(C=N1)C(=CC(=C2)C(F)(F)F)C3=CN(N=C3)CC4=CC=CC=N4,149515189
C1C2=C(CN1CCC3=C4C=CC=CN4N=C3)C=C(C=C2)CC=CO,141211617
C1C2=CC=CC=C2C3=NN(C(=C31)C4=CN=CC=C4)CCO,331056
C1CC(=N)C2=C1C=C(C=C2)C3=C(N(N=C3)CCO)C4=CC=NC=C4,89168275
C1CC(=N)C2=C1C=C(C=C2)C3=CN(N=C3C4=CC=NC=C4)CCO,77520714
C1CC(=N)C2=C1C=C(C=C2)C3=CN(N=C3C4=CC=NC=C4)CCO.O,77520713
C1CC(=NO)C2=C1C=C(C=C2)C3=C(N(N=C3)CCO)C4=CC=NC=C4,135438492
C1CC(=NO)C2=C1C=C(C=C2)C3=C(NN=C3)C4=CC=NC=C4,135466457
C1CC(=NO)C2=C1C=C(C=C2)C3=CN(N=C3C4=CC=NC=C4)C(CO)CO,44587191
C1CC(=NO)C2=C1C=C(C=C2)C3=CN(N=C3C4=CC=NC=C4)C5=CC=C(C=C5)CN,11710968
C1CC(=NO)C2=C1C=C(C=C2)C3=CN(N=C3C4=CC=NC=C4)CC(=O)O,11667411
C1CC(=NO)C2=C1C=C(C=C2)C3=CN(N=C3C4=CC=NC=C4)CC(CO)O,11566757
C1CC(=NO)C2=C1C=C(C=C2)C3=CN(N=C3C4=CC=NC=C4)CCCCN,11660513
C1CC(=NO)C2=C1C=C(C=C2)C3=CN(N=C3C4=CC=NC=C4)CCCN,11660270
C1CC(=NO)C2=C1C=C(C=C2)C3=CN(N=C3C4=CC=NC=C4)CCCO,44587190
C1CC(=NO)C2=C1C=C(C=C2)C3=CN(N=C3C4=CC=NC=C4)CCN,11667128
C1CC(=NO)C2=C1C=C(C=C2)C3=CN(N=C3C4=CC=NC=C4)CCNCCO,11625037
C1CC(=NO)C2=C1C=C(C=C2)C3=CN(N=C3C4=CC=NC=C4)CCO,11717001
C1CC(=NO)C2=C1C=C(C=C2)C3=CN(N=C3C4=CC=NC=C4)CCOS(=O)(=O)N,121382920
C1CC(=NOCC2=CC=CC=C2)C3=C1C=C(C=C3)C4=C(N(N=C4)CCO)C5=CC=NC=C5,86607276
C1CC(=NOCC2=CC=CC=C2)C3=C1C=C(C=C3)C4=CN(N=C4C5=CC=NC=C5)CCO,86607279
C1CC(=O)C2=C1C=C(C=C2)C3=C(N(N=C3)CCO)C4=CC=NC=C4,91036386
C1CC(=O)C2=C1C=C(C=C2)C3=CN(N=C3C4=CC=NC=C4)CC(CO)O,91346376
C1CC(=O)C2=C1C=C(C=C2)C3=CN(N=C3C4=CC=NC=C4)CCNCCO,91521263
C1CC(=O)C2=C1C=C(C=C2)C3=CN(N=C3C4=CC=NC=C4)CCO,11537022
C1CC(C(C(C1)O)O)N2C=C(C(=N2)C3=CC=NC=C3)C4=CC5=C(C=C4)C(=NO)CC5,11697074
C1CC(C(C1)O)N2C=C(C(=N2)C3=CC=NC=C3)C4=CC5=C(C=C4)C(=NO)CC5,11545261
C1CC(C(C1)O)N2C=C(C(=N2)C3=CC=NC=C3)C4=CC5=C(C=C4)C(CC5)N,11703234
C1CC(C(C1)O)N2C=C(C(=N2)C3=CC=NC=C3)C4=CC5=C(C=C4)C(CC5)N=O,91896023
C1CC(C2=C(C1)N(N=C2C3=CN=CC=C3)CCO)CC#N,82592020
C1CC(C2=C(C1)N(N=C2C3=CN=CC=C3)CCO)N,82592185
C1CC(CC(C1)O)N2C=C(C(=N2)C3=CC=NC=C3)C4=CC5=C(C=C4)C(=NO)CC5,11531192
C1CC(CC(C1)O)N2C=C(C(=N2)C3=CC=NC=C3)C4=CC5=C(C=C4)C(CC5)N=O,91896025
C1CC(CN(C1)CC2=CC=CC=C2CN3C=CC=N3)C4=NN(C=C4)CCO,119069801
C1CC(CN(C1)CC2=CN(N=C2C3=CN=CC=C3)CC4=CC=CC=C4)O,109925995
C1CC(CNC1)CN2C=C(C(=N2)C3=CC=NC=C3)C4=CC5=C(C=C4)C(=NO)CC5,44587234
C1CC(CNC1)CN2C=C(C(=N2)C3=CC=NC=C3)C4=CC5=C(C=C4)C(CC5)N=O,91896039
C1CC(OC1)CN2C=CC(=N2)C3=CC=CC(=C3)C4=CN=CC=C4,30921549
C1CC(OC1)N2C=C(C(=N2)C3=CC=NC=C3)C4=CC5=C(C=C4)C(=NO)CC5,87624369
C1CC1C2=C(C(=NN2CCO)C3=CC=C(C=C3)F)C4=CC=CC=N4,70278833
C1CC1C2=C(C(=NN2CCO)C3=CC=C(C=C3)F)C4=CC=NC=C4,22037601
C1CC1C2=CC(=NN2CCO)C3=CC=NC=C3,121211840
C1CC1C2=CC(=NN2CCO)C3=CN=CC=C3,121211802
C1CC1N(CCO)CC2=CN(N=C2C3=CC=NC=C3)C4=CC=CC=C4,109927923
C1CC1N(CCO)CC2=CN(N=C2C3=CN=CC=C3)C4=CC=CC=C4,109928007
C1CC2=C(C1)C=C(C=C2)C3=C(N(N=C3)CCO)C4=CC=NC=C4,141168298
C1CC2=C(C1)C=C(C=C2)C3=CN(N=C3C4=CC=NC=C4)C5CCNCC5,153522906
C1CC2=C(C1)C=C(C=C2)C3=CN(N=C3C4=CC=NC=C4)C5CCOC5,141168299
C1CC2=C(C1)C=C(C=C2)C3=CN(N=C3C4=CC=NC=C4)C5CCOCC5,141168294
C1CC2=C(C1)C=C(C=C2)C3=CN(N=C3C4=CC=NC=C4)CC(CO)O,141168290
C1CC2=C(C1)C=C(C=C2)C3=CN(N=C3C4=CC=NC=C4)CCO,141168297
C1CC2=C(C1)C=C(C=C2)C3=NN(C=C3)CCO,1485586
C1CC2=C(C1)C=C(C=C2)CC(C3=C4C=CC=CN4N=C3)N,103127290
C1CC2=C(C1)C=C(C=C2)CC(C3=C4C=CC=CN4N=C3)O,103128878
C1CC2=C(C1)N(N=C2C3=CC=NC=C3)CCO,121214560
C1CC2=C(C1)N(N=C2C3=CN=CC=C3)CCO,121214551
C1CC2=C(C1)N(N=C2CN(CCO)CC3=CN=CC=C3)C4=CC=CC=C4,112309653
C1CC2=C(C1N)C=CC(=C2)C3=C(N(N=C3)CCO)C4=CC=NC=C4,11645450
C1CC2=C(C1N)C=CC(=C2)C3=CN(N=C3C4=CC=NC=C4)CCO,11558788
C1CC2=C(C1N=O)C=CC(=C2)C3=C(N(N=C3)CCO)C4=CC=NC=C4,91220423
C1CC2=C(C1N=O)C=CC(=C2)C3=C(NN=C3)C4=CC=NC=C4,91051236
C1CC2=C(C1N=O)C=CC(=C2)C3=CN(N=C3C4=CC=NC=C4)C(CO)CO,91896030
C1CC2=C(C1N=O)C=CC(=C2)C3=CN(N=C3C4=CC=NC=C4)C5CCNCC5,91896035
C1CC2=C(C1N=O)C=CC(=C2)C3=CN(N=C3C4=CC=NC=C4)C5CCOCC5,91896037
C1CC2=C(C1N=O)C=CC(=C2)C3=CN(N=C3C4=CC=NC=C4)CC(CO)O,91896029
C1CC2=C(C1N=O)C=CC(=C2)C3=CN(N=C3C4=CC=NC=C4)CC5CCNCC5,91896038
C1CC2=C(C1N=O)C=CC(=C2)C3=CN(N=C3C4=CC=NC=C4)CCCN,91896033
C1CC2=C(C1N=O)C=CC(=C2)C3=CN(N=C3C4=CC=NC=C4)CCCO,91896028
C1CC2=C(C1N=O)C=CC(=C2)C3=CN(N=C3C4=CC=NC=C4)CCN,91896031
C1CC2=C(C1N=O)C=CC(=C2)C3=CN(N=C3C4=CC=NC=C4)CCO,91448975
C1CC2=C(C1NO)C=CC(=C2)C3=CN(N=C3C4=CC=NC=C4)C5CCNCC5,139592319
C1CC2=C(C1NO)C=CC(=C2)C3=CN(N=C3C4=CC=NC=C4)CCO,74627710
C1CC2=C(C1NS(=O)(=O)C(F)(F)F)C=CC(=C2)C3=CN(N=C3C4=CC=NC=C4)CCO,117906559
C1CC2=CC=CC=C2C3=NN(C(=C3C1)C4=CC=CC=N4)CCO,320892
C1CC2=CC=CC=C2C3=NN(C(=C3C1)C4=CC=NC=C4)CCO,320872
C1CCC(C(C1)N2C=C(C(=N2)C3=CC=NC=C3)C4=CC5=CC=CC=C5C=C4)O,141168284
C1CCC(C(C1)O)(N2C=C(C(=N2)C3=CC=NC=C3)C4=CC5=C(C=C4)C(=NO)CC5)O,87635139
C1CCC(C1)(N2C=C(C(=N2)C3=CC=NC=C3)C4=CC5=C(C=C4)C(=NO)CC5)O,87624535
C1CCC(C1)(N2C=C(C(=N2)C3=CC=NC=C3)C4=CC5=C(C=C4)C(CC5)N)O,68926440
C1CCC(C1)N2C=C(C(=N2)C3=CC=NC=C3)C4=CC5=C(C=C4)C(=NO)CC5,11523321
C1CCC(C1)N2C=C(C(=N2)C3=CC=NC=C3)C4=CC5=C(C=C4)C(CC5)N,143274205
C1CCC(C1)N2C=C(C(=N2)C3=CC=NC=C3)C4=CC5=C(C=C4)C(CC5)N=O,91896022
C1CCC(CC1)(N2C=C(C(=N2)C3=CC=NC=C3)C4=CC5=C(C=C4)C(=NO)CC5)O,87623695
C1CCN(CC1)CCCN2C=C(C(=N2)C3=CC=NC=C3)C4=CC5=C(C=C4)C(=NO)CC5,143274167
C1CCN(CC1)CCN2C=C(C(=N2)C3=CC=NC=C3)C4=CC5=C(C=C4)C(=NO)CC5,11502238
C1CN(C(C2=CC=CN21)C3=CC=CC=C3)CC(CN4C=CC=N4)O,53602420
C1CN(CC1O)CC2=CN(N=C2C3=CN=CC=C3)C4=CC=CC=C4,109927123
C1CN(CC1O)CC2=CN(N=C2C3=CN=CC=C3)CC4=CC=CC=C4,109927078
C1CN(CC2=CC=CC=C21)CC(CN3C(=CC=N3)C4=CC=NC=C4)O,109411927
C1CN(CC2=CC=CC=C21)CC(CN3C(=CC=N3)C4=CN=CC=C4)O,154798936
C1CN(CC=C1C2=CN(N=C2)C3CC4=CC=CC=C4C3)CCC5=CC=CC=N5,56707092
C1CN(CCC1C2=CC=NN2CCO)CC3=CC4=CC=CC=C4C=C3,110913121
C1CN(CCC1C2=CC=NN2CCO)CC3=CC=NC=C3,111462462
C1CN(CCC1C2=CC=NN2CCO)CCC3=CC=NC=C3,110913154
C1CN(CCC1N2C(=C(C=N2)C3=CC4=C(C=C3)C(=NOCC5=CC=CC=C5)CC4)C6=CC=NC=C6)C(=O)O,87624527
C1CN2C(=CC(=N2)C3=CC=CC=N3)CN1CC4=CC5=C(CN=C5)C=C4,161925539
C1CNC2=C1C=C(C=C2)C3=CN(N=C3C4=CC=NC=C4)CCO,141168300
C1CNC2=C1C=CC(=C2)C3=CN(N=C3C4=CC=NC=C4)CCO,11515050
C1CNCC1N2C=C(C(=N2)C3=CC=NC=C3)C4=CC5=C(C=C4)C(=NO)CC5,11710204
C1CNCCC1CN2C=C(C(=N2)C3=CC=NC=C3)C4=CC5=C(C=C4)C(=NO)CC5,11610758
C1CNCCC1N2C=C(C(=N2)C3=CC=NC=C3)C4=CC5=C(C=C4)C(=N)CC5,89168276
C1CNCCC1N2C=C(C(=N2)C3=CC=NC=C3)C4=CC5=C(C=C4)C(=NO)CC5,11653652
C1COC(CO1)CN2C=CC(=N2)C3=CC=CC(=C3)C4=CC=NC=C4,45222353
C1COCC1N2C=C(C(=N2)C3=CC=NC=C3)C4=CC5=C(C=C4)C(=NO)CC5,11674912
C1COCCC1N2C=C(C(=N2)C3=CC=NC=C3)C4=CC5=C(C=C4)C(=NO)CC5,11624965
C1COCCN1CCCN2C=CC(=N2)C3=CC=CC(=C3)C4=CN=CC=C4,29188821
C=C1CCC2=C1C=CC(=C2)C3=CN(N=C3C4=CC=NC=C4)C5CCNCC5,163857376
C=C1CCC2=C1C=CC(=C2)C3=CN(N=C3C4=CC=NC=C4)CCO,70273911
C=CCN(CCO)CC1=CN(N=C1C2=CC=NC=C2)C3=CC=CC=C3,109934733
CC(=O)NC(CCN1C=C(C(=N1)C2=CC=NC=C2)C3=CC4=C(C=C3)C(=NO)CC4)OC,87803269
CC(C)(C)OC(=O)NC1CCC2=C1C=CC(=C2)C3=CN(N=C3C4=CC=NC=C4)CCO,68923862
CC(C)(C)S(=O)(=O)NCC1=CC=C(C=C1)C2=CN(N=C2C3=CC=NC=C3)CCO,51352992
CC(C)(CN(C)CC1=CN(N=C1C2=CN=CC=C2)C3=CC=CC=C3)O,109933480
CC(C)C1=CC(=NN1CCO)C2=CC=NC=C2,121211834
CC(C)C1=CC(=NN1CCO)C2=CN=CC=C2,121211796
CC(C)C1=CC(=NN=C1C(C)C2=CC=CC(=N2)C3=CN(N=C3)CCO)C4=C(C=CC=C4F)F,139440144
CC(C)S(=O)(=O)NC1CCC2=C1C=CC(=C2)C3=CN(N=C3C4=CC=NC=C4)CCO,117906562
CC(CN1C(=CC(=N1)C2=CC=NC=C2)CC3=CC=C(C=C3)F)O,24889494
CC(CN1C=CC(=N1)C2=CC=CC(=C2)C3=CC=CC=N3)O,31192944
CC(CN1C=CC(=N1)C2=CC=CC(=C2)C3=CN=CC=C3)O,45188084
CC(CN1C=CC(=N1)C2=CC=CC(=C2)C3=NN=C(C=C3)C4=CC=CC=C4)O,31125440
CC(CNCC1=CN(N=C1C2=CN=CC=C2)C3=CC=CC=C3)O,17426529
CC(CNCC1=CN(N=C1C2=CN=CC=C2)CC3=CC=CC=C3)O,121846170
CC(CO)NCC1=CN(N=C1C2=CN=CC=C2)C3=CC=CC=C3,111469384
CC(CO)NCC1=CN(N=C1C2=CN=CC=C2)CC3=CC=CC=C3,111469389
CC(N1C=C(C=N1)C2=CN=CC(=C2)C3=CC(=NC=C3)C4=CC=CC=C4F)O,158123003
CC.CC.C1=CC=C(C=C1)C2=C(N(N=C2)CCO)C3=CC=NC=C3,91333191
CC.CC.C1=CC=C(C=C1)C2=CN(N=C2C3=CC=NC=C3)CCO,91095302
CC.CC.C1=CC=C(C=C1)C2=NN(C=C2C3=CC=NC=C3)CCO,91481687
CC.CC.CC1=C(C(=NN1C)C2=CC=NC=C2)C3=CC4=C(C=C3)C(=NC)CC4,160821602
CC.CC=CC(=CC)C1=NN(C=C1C2=CC3=C(C=C2)C(=NO)CC3)CCO,144981768
CC.CCC1CC(C1)O.CC=C(C=NC)C1=C(N=C(C=C1)C2=CC(=CC=C2)C3=CN(N=C3)C)C,145086646
CC1(CC2=C(C1)C(=CC=C2)C3=CC=CN4C3=CC=N4)C,166377202
CC1(CN(N=C1C2=CC=NC=C2)CCO)C3=CC4=C(C=C3)C(=NO)CC4,163593115
CC12CC3=C(C=C1CCC2CC(C4=CN=CC=C4)NCCO)N(N=C3)C5=CC=C(C=C5)F,90987042
CC1=C(C(=CC=C1)C)C2=C(C=CC=N2)C3=NN(C=C3)C,145746684
CC1=C(C(=CC=C1)CN2CCC(CC2)C3=CC=NN3CCO)C,109931353
CC1=C(C(=NN1C)C)C2=C(C=CC=N2)C3=C4CCCC4=C(C=C3)F,123468121
CC1=C(C(=NN1C)C2=CC=NC=C2)C3=CC4=C(C=C3)C(=NC)CC4,129066258
CC1=C(C(=NN1C2=CC=CC=C2)C)CN(CCO)CC3=CN=CC=C3,109932124
CC1=C(C(=NN1CC2=CC=CC=C2)C)CN(CCO)CC3=CN=CC=C3,46981776
CC1=C(C(=NN1CCO)C)CN(C)C(C)C2=CN=CC=C2,77087473
CC1=C(C(=NN1CCO)C)CN(CCO)CC2=CN=CC=C2,109932087
CC1=C(C(=NN1CCO)C)CNC(C2=CC=CC=C2)C3=CC=NC=C3,110905534
CC1=C(C(=NN1CCO)C)CNCC2=CC=C(C=C2)C3=CN=CC=C3,111470769
CC1=C(C(=NO1)C2=C(C=CC=C2Cl)Cl)C3=NC4=CC=CC=C4C(=O)O3,134105749
CC1=C(C(=NO1)C2=CC=CC=C2)C3=CC=C(C=C3)S(=O)(=O)C,9796841
CC1=C(C(=NO1)C2=CC=CC=C2)C3=CC=C(C=C3)S(=O)(=O)N(C)C,9945996
CC1=C(C(=NO1)C2=CC=CC=C2)C3=NC4=CC=CC=C4C(=O)O3,2731270
CC1=C(C(=NO1)C2=CC=CC=C2Cl)C3=NC4=CC=CC=C4C(=O)O3,304996
CC1=C(C(=NO1)C2=CC=NC=C2)C3=CC=C(C=C3)F,12112326
CC1=C(C=C(C=C1)C(C2=CN=CC=C2)NCC3=C(N(N=C3C)CCO)C)C,131898216
CC1=C(C=C(C=C1)C(C2=CN=CC=C2)NCC3=CN(N=C3)C(C)C)C.C(=O)O,154913892
CC1=C(C=C(C=C1)C2=NC(=C(C(=C2)C3=CN(N=C3C)CCO)C#N)N)C,56750661
CC1=C(C=C(C=C1)C2=NN(C=C2C=NN3CCOCC3)C4=CC=CC=C4)C,9216784
CC1=C(C=C(C=C1)C2=NN(C=C2CN(C)CCO)C3=CC=CC=C3)C,112799661
CC1=C(C=C(C=C1)CN2CCC(CC2)C3=CC=NN3CCO)C,109931371
CC1=C(C=CC=C1C2=CC=CC=[N+]2C)C3=CC=[N+](N3C)C,57573080
CC1=C(C=CC=C1C2=NN3C=C(C=CC3=C2)CNCCO)C4=CC=CC=C4,155510671
CC1=C(C=CC=N1)C2=CC=C(C=C2)CN3C=C(C=N3)CO,166351959
CC1=C(C=CC=N1)CN(CCO)CC2=CN(N=C2)CC3=CC=CC=C3,109932882
CC1=C(C=CN=C1)C2=CC(=CC=C2)C3=NN(C=C3)CC(C(F)(F)F)O,29023045
CC1=C(C=CN=C1)C2=CC(=CC=C2)C3=NN(C=C3)CC(C)(C)O,29088453
CC1=C(C=CN=C1)C2=CC(=CC=C2)C3=NN(C=C3)CCCOC,28953263
CC1=C(C=CN=C1)C2=CC(=CC=C2)C3=NN(C=C3)CCO,28139370
CC1=C(C=NC=C1)C2=CC=CC(=C2)C3=NN(C=C3)CCN4CCOCC4,28785096
CC1=C(C=NN1CC2=CC=CC=C2)CN(CCO)CC3=CN=CC=C3,46953731
CC1=C(N=CC=C1)C2=CC=CC(=C2)C3=NN(C=C3)CCO,29185473
CC1=C(N=CC=C1)CN(CCO)CC2=CN(N=C2)CC3=CC=CC=C3,109949085
CC1=CC(=C(C(=C1)C)CN2CCC(CC2)C3=CC=NN3CCO)C,110913139
CC1=CC(=C(C(=C1)C2=CC=CC3=CC=[N+](N32)C)C)C,141639680
CC1=CC(=C(C(=C1)C2=[N+](N3C=CC=CC3=C2)C)C)C,141639672
CC1=CC(=C(C(=C1)CN(CCO)CC2=CN=CC=C2)N3C=CC=N3)C,73919607
CC1=CC(=C(C(=C1)N2C=CC=N2)CN3CC(C(C3)O)CC4=CC=CC=N4)C,134713602
CC1=CC(=C(C(=C1)N2C=CC=N2)CN3CC(C(C3)O)CC4=CC=NC=C4)C,134710949
CC1=CC(=C(C(=C1C2=CC=[N+](N2C)C)C)C3=CC=CC=[N+]3C)C,57573094
CC1=CC(=C(C=C1)C)C2=C(C=NN2)CN3CC(C(C3)O)CC4=CC=NC=C4,134696507
CC1=CC(=C(C=C1)C)C2=CC(=NN2C3=CC=NC=C3)C,90729236
CC1=CC(=C(C=C1)C)C2=CC=NN2CCO,97626896
CC1=CC(=C(C=C1)C)C2=NC(=C(C(=C2)C3=CN(N=C3C)CCO)C#N)N,56756543
CC1=CC(=C(C=C1)C2=NN(C(=C2)C)C3=CC=NC=C3)C,54058681
CC1=CC(=C(C=C1)C2=NN(C=C2C=NN3CCOCC3)C4=CC=CC=C4)C,9216760
CC1=CC(=C(C=C1)CN2CCC(CC2)C3=CC=NN3CCO)C,109931359
CC1=CC(=C(O1)C2=CC=CC=C2)C3=CC=C(C=C3)C(=O)OC,85770561
CC1=CC(=C(O1)C2=CC=CC=C2)C3=CC=C(C=C3)[N+](=O)[O-],85770560
CC1=CC(=CC(=C1C)C)C2=C3C=CC(=CN3N=C2)C(C)(C)CO,155727258
CC1=CC(=CC(=N1)C(C)C)C2=CN(N=C2)CCO,132070177
CC1=CC(=CC=C1)C2=C(C(=NN2C)C)C3=CC=NC=C3.N,70208762
CC1=CC(=CC=C1)C2=C(C=NN2)CN(CCO)CC3=CN=CC=C3,109932145
CC1=CC(=CC=C1)C2=C(N(N=C2)CCO)C3=C(C=NC=C3)C,54055290
CC1=CC(=CC=C1)C2=CN(N=C2C3=C(C=NC=C3)C)CCO,54118475
CC1=CC(=NN1C2=CC=C(C=C2)CN(CCO)CC3=CN=CC=C3)C,112037747
CC1=CC(=NN1C2=CC=CC(=C2)CN(CCO)CC3=CN=CC=C3)C,46981782
CC1=CC(=NN1CCO)C2=CN=CC=C2,121211781
CC1=CC=C(C=C1)C(C2=CC=CC=N2)NCC(CN3C=CC=N3)O,137985922
CC1=CC=C(C=C1)C2=C(C=CC(=N2)C)C3=CN(N=C3)CC4CCCC4,137372450
CC1=CC=C(C=C1)C2=NN(C=C2C3=CC=NC=C3)CCO,118375204
CC1=CC=CC=C1N2C(=C(C(=N2)C)CN(CCO)CC3=CN=CC=C3)C,46953734
CC1=CN(N=C1CCC2=CN=C(C=C2)C3CCN(CC3)CCC4=CN(N=C4C)CCO)C,156062846
CC1=CN=C(C(=N1)C2=CC=CC(=C2)C3=NN(C=C3)CCO)C,30957633
CC1=CN=C(C(=N1)C2=CC=CC(=C2)C3=NN(C=C3)CCOC)C,31225019
CC1=CN=C(C=C1)C2=CC(=CC=C2)C3=NN(C=C3)CCCN4CCOCC4,31075513
CC1=CN=C(C=C1)C2=CC(=CC=C2)C3=NN(C=C3)CCCO,31192779
CC1=CN=C(C=C1)CN(CCO)CC2=CN(N=C2)CC3=CC=CC=C3,112379112
CC1=CN=C(C=C1C(=C)C2=CN(N=C2)C)C3=C(C=C(C=C3F)CNCCO)F,163822599
CC1=CN=C(C=N1)C2=C(C=C(C=C2)C3=CC=CC=C3C4=CN(N=C4)CCO)F,118603099
CC1=NC(=C(C=C1)C2=CC=C(C=C2)CN3C=C(C=N3)CO)C,166351944
CC1=NC(=C(C=C1)C2=CN(N=C2)CC3CCCC3)C4=CC=C(C=C4)CCCO,137371527
CC1=NC(=C(S1)C2=CC3=CC=CC=C3C=C2)C4=CC=CC=C4,102225889
CC1=NC(=C(S1)C2=CC=C(C=C2)C(=O)C)C3=CC=CC=C3,162407552
CC1=NC(=C(S1)C2=CC=C(C=C2)S(=O)(=O)C)C3=CC=C(C=C3)F,10172237
CC1=NC(=CC=C1)C2=CN(N=C2)CCO,166283037
CC1=NC(=CC=C1)C2=NN(C=C2C3=CC4=C(CN=C4)C=C3)COCC[Si](C)(C)C,157278386
CC1=NC(=CC=C1)N2C(=C(C=N2)C)C3=CC4=C(S3)C=NC=C4,53380106
CC1=NC=C(C(=N1)C2=CC=NC=C2)C3=NC4=CC=CC=C4O3,4098510
CC1=NC=CC(=C1)C2=C(C(=NN2CCO)C3=CC=C(C=C3)F)C4=CC=NC=C4,21036717
CC1=NC=CC(=C1)C2=C(N(N(C2=O)C)C)C3=CC4=NC=CN=C4C=C3,16731076
CC1=NC=CC(=C1)C2=CC(=CC=C2)C3=NN(C=C3)CCCN4CCOCC4,28733467
CC1=NCC2=C1C=C(C=C2)CN3CCN4C(=CC(=N4)C5=CC=CC=N5)C3,160978940
CC1=NN(C(=C1)C2=CC=C(C=C2)S(=O)C)C3=CC=C(C=C3)F,10470898
CC1=NN(C=C1CN(CCO)CC2=CN=CC=C2)C3=CC=CC=C3,109932104
CC1=NN(C=C1CN2CCC(CC2)CC3=CN=CC=C3)CCO,129617160
CC1C2=C(CN(CC3=C(C(=NN3CCO)C)C4=CN=C5CN=C1C5=N4)C)C=CC(=C2)C,159692679
CC1C2=CCC3=C2C=C(C=N3)C4=C(CN(CC5=C1C(=C(C=C5)C)Cl)C)N(N=C4C)CCO,157837644
CC1C2=CCC3=C2C=C(C=N3)C4=C(CN(CC5=C1C=C(C=C5)C)C)N(N=C4C)CCO,157837643
CC1C2=CCC3=NC=C(C4=C(CN(CC5=C1C=C(C=C5)C)C)N(N=C4C)CCO)N=C32,157842420
CC1C=CC(=N1)C2=C(N=C(C=C2)C3=CC(=CC=C3)C4=CN(N=C4)C)C(=N)CCCCO,146245398
CC1CCN(CC1)N2C=C(C(=N2)C3=CC=NC=C3)C4=CC5=C(C=C4)C(=NO)CC5,87623644
CC1CCN(CC1)N2C=C(C(=N2)C3=CC=NC=C3)C4=CC5=C(CCC5)C=C4,141168287
CC=C(C=NC)C1=C(N=C(C=C1)C2=CC(=CC=C2)C3=CN(N=C3)C)C,145086647
CC=CC(=CC)C1=NN(C=C1C2=CC3=C(C=C2)C(=NO)CC3)CCO,144981769
CC=CC.COCCN1C=C(C(=N1)C2=CC=C(C=C2)F)C3=CC=NC=C3,142174318
CCC(=C(C1=CC=CC=C1)C2=CC=CC=N2)C3=CN(N=C3)OCCCN(C)C,135053912
CCC(=C(C1=CC=CC=C1)C2=CN(N=C2)OCCCN(C)C)C3=CC=CC=N3,135055863
CCC(C)(C)CCC1=NC=CC2=C1C(=C)N(C2)CC3=C(C=C(C=C3)C4=NN(C=C4)C)C,154949305
CCC(C)S(=O)(=O)NC1CCC2=C1C=CC(=C2)C3=CN(N=C3C4=CC=NC=C4)CCO,117906572
CCC(CN1C=CC(=N1)C2=CC(=CC=C2)C3=C(C=CC=N3)C)O,28388941
CCC(CN1C=CC(=N1)C2=CC(=CC=C2)C3=NC=CN=C3)O,45210099
CCC(CN1C=CC(=N1)C2=CC=CC(=C2)C3=CC=NC=C3)O,28955964
CCC(CO)N(CC1=CN=CC=C1)CC2=CC=CC(=C2)CN3C=CC=N3,46992974
CCC(CO)N(CC1=CN=CC=C1)CC2=CN(N=C2C3=CC=CC=C3)C,131910968
CCC.CC1=CC(=C(C=C1)C)C(=C)C.CC1=CN=C(C=C1)C2=NN(C=C2)CC(C)CCC(C)C.CN=CC=C,145683467
CCC1=C(C(=NN1C)CC)CN(CCO)CC2=CN=CC=C2,109932230
CCC1=C(C=CC(=C1)C2=C(N(N=C2)CCO)C3=CC=NC=C3)C(C)N,143274182
CCC1=CC(=NN1CCO)C2=CC=NC=C2,121211828
CCC1=CC(=NN1CCO)C2=CN=CC=C2,121211790
CCC1=CC=CC(=C1CC2=NC=CC3=C2C(=C)N(C3)CC4=CC=C(C=C4)C5=CN(N=C5)C)C,131992865
CCC1=NOC(C1)CN2C=CC(=N2)C3=CC(=CC=C3)C4=NC=CN=C4,31223659
CCC1=NOC(C1)CN2C=CC(=N2)C3=CC=CC(=C3)C4=C(C=NC=C4)C,31134294
CCC1=NOC(C1)CN2C=CC(=N2)C3=CC=CC(=C3)C4=CC=CC(=N4)C,28969226
CCC1=NOC(C1)CN2C=CC(=N2)C3=CC=CC(=C3)C4=CN=CC=C4,28882388
CCC=C(C=NC)C1=C(N=C(C=C1)C2=CC(=CC=C2)C3=CN(N=C3)C)C,145086671
CCC=C(C=NC)C1=C(N=C(C=C1)C2=CC(=CC=C2)C3=CN(N=C3)C)C.CC1(COC1)CO,145086670
CCCC(=C)C1=CC(=NN1CC(=C)C2=C(C=C(C=C2)CC)CC)C3=CN=CC=C3,134385823
CCCC1=CC(=C(O1)C2=CC=CC=C2)C3=CC=C(C=C3)C(=O)OC,85770563
CCCCN(CCO)CC1=CN(N=C1C2=CC=NC=C2)C,109926133
CCCCN(CCO)CC1=CN(N=C1C2=CN=CC=C2)C,109926093
CCCN(CCO)CC1=CN(N=C1C2=CN=CC=C2)C,109926326
CCCN(CCO)CC1=CN(N=C1C2=CN=CC=C2)C3=CC=CC=C3,109926392
CCCN1C=C(C(=N1)C2=CC=NC=C2)C3=CC4=C(C=C3)C(=NO)CC4,132068721
CCCN1C=C(C(=N1)C2=CC=NC=C2)C3=CC4=C(C=C3)C(=[N+](C)O)CC4,159034886
CCCNS(=O)CC1=CC=C(C=C1)C2=CN(N=C2C3=CC=NC=C3)CCO,144162556
CCCOCCN1C=C(C(=N1)C2=CC=NC=C2)C3=CC4=C(C=C3)C(=O)CC4,117906573
CCCOCCN1C=C(C(=N1)C2=CC=NC=C2)C3=CC4=C(C=C3)C(CC4)N,117906561
CCCOCCN1C=C(C(=N1)C2=CC=NC=C2)C3=CC=C(C=C3)C#N,117906576
CCCOCCN1C=C(C(=N1)C2=CC=NC=C2)C3=CC=C(C=C3)CC#N,117906858
CCCOCCN1C=CC(=N1)C2=CC(=CC=C2)C3=NC(=CN=C3C)C,31134141
CCCS(=O)(=O)NC1CCC2=C1C=CC(=C2)C3=CN(N=C3C4=CC=NC=C4)CCO,117906564
CCN(CCO)CC1=CN(N=C1C2=CC=NC=C2)C,109925806
CCN(CCO)CC1=CN(N=C1C2=CC=NC=C2)C3=CC=CC=C3,109925744
CCN(CCO)CC1=CN(N=C1C2=CN=CC=C2)C,109925721
CCN1C(=C(C(=N1)C)CN(CCO)CC2=CN=CC=C2)C,109932133
CCN1C=C(C(=N1)C2=CC=NC=C2)C3=CC4=C(C=C3)C(=NO)CC4,44586991
CCN1C=C(C(=N1)C2=CC=NC=C2)C3=CC4=C(C=C3)C(CC4)N=O,91896021
CCN=CC(=CC)C1=CC=CC(=C1)C2=NC(=C(C=C2)C3=CN(N=C3)C)C,146245588
CCOCCN1C=CC(=N1)C2=CC(=CC=C2)C3=NC=CN=C3,29188644
CCON=CC1=CN(N=C1C2=CN=CC=C2)C3=CC=CC=C3,24542189
CCS(=O)(=O)NC1CCC2=C1C=CC(=C2)C3=CN(N=C3C4=CC=NC=C4)CCO,117906571
CN(C)CCCN1C=C(C(=N1)C2=CC=NC=C2)C3=CC4=C(C=C3)C(=NO)CC4,44587211
CN(C)CCCN1C=C(C(=N1)C2=CC=NC=C2)C3=CC4=C(C=C3)C(CC4)N=O,91896034
CN(C)CCCN1C=CC(=N1)C2=CC=CC(=C2)C3=CN=CC=C3,28391855
CN(C)CCN1C=C(C(=N1)C2=CC=NC=C2)C3=CC4=C(C=C3)C(=NO)CC4,44587210
CN(C)CCN1C=C(C(=N1)C2=CC=NC=C2)C3=CC4=C(C=C3)C(CC4)N=O,91896032
CN(CC1=CN(N=C1C2=CN=CC=C2)CC3=CC=CC=C3)C4CCCC4O,126813457
CN(CCC1=CC=CC=N1)C2CCN(CC2O)CC3=CC=CC=C3CN4C=CC=N4,42101526
CN(CCO)CC1=CN(N=C1C2=CN=CC=C2)C3=CC=CC=C3,109925543
CN(CCO)CC1=CN(N=C1C2=CN=CC=C2)CC3=CC=CC=C3,109925499
CN1C(=C(C=N1)C2=CC3=C(C=C2)C(=N)CC3)C4=CC=NC=C4,89168271
CN1C(=C(C=N1)C2=CC3=C(C=C2)C(=NO)CC3)C4=CC=NC=C4,135508240
CN1C(=C(C=N1)C2=CC3=C(C=C2)C(=NO)CCC3)C4=CC=NC=C4,143274195
CN1C(=C(C=N1)C2=CC3=C(C=C2)C(=NOC)CC3)C4=CC=NC=C4,86607273
CN1C(=C(C=N1)C2=CC3=C(C=C2)C(CC3)N=O)C4=CC=NC=C4,90967078
CN1C(=C(C=N1)C2CC3=CC=CC=C3C2=NO)C4=CC=NC=C4,141168286
CN1C2=C(C=C(C=C2)C3=CC(=NN3C4=CC=C(C=C4)Cl)C(F)(F)F)OC1=O,46912219
CN1C2=C(C=C(C=C2)C3=CC(=NN3C4=CC=C(C=C4)F)C(F)(F)F)OC1=O,49865883
CN1C2=C(C=C(C=C2)C3=CC(=NN3C4=CC=CC=C4)C(F)(F)F)OC1=O,49865882
CN1C=C(C(=N1)C2=CC(=NC=C2)N)C3=CC4=C(C=C3)C(=NO)CC4,44587274
CN1C=C(C(=N1)C2=CC(=O)NC=C2)C3=CC4=C(C=C3)C(=NO)CC4,44587295
CN1C=C(C(=N1)C2=CC=C(C=C2)C#N)CN(CCO)CC3=CN=CC=C3,110010195
CN1C=C(C(=N1)C2=CC=CC=C2)CN(CCO)CC3=CN=CC=C3,109974784
CN1C=C(C(=N1)C2=CC=NC=C2)C3=CC4=C(C=C3)C(=CC=C4)O,11601866
CN1C=C(C(=N1)C2=CC=NC=C2)C3=CC4=C(C=C3)C(=N)CC4,89168277
CN1C=C(C(=N1)C2=CC=NC=C2)C3=CC4=C(C=C3)C(=NC4)NO,135399664
CN1C=C(C(=N1)C2=CC=NC=C2)C3=CC4=C(C=C3)C(=NCC4)NO,135505774
CN1C=C(C(=N1)C2=CC=NC=C2)C3=CC4=C(C=C3)C(=NO)CC4,11616462
CN1C=C(C(=N1)C2=CC=NC=C2)C3=CC4=C(C=C3)C(=NOCC5=CC=CC=C5)CC4,86607278
CN1C=C(C(=N1)C2=CC=NC=C2)C3=CC4=C(C=C3)C(=O)NC4,25093327
CN1C=C(C(=N1)C2=CC=NC=C2)C3=CC4=C(C=C3)C(CC4)N=O,91896020
CN1C=C(C(=N1)C2=CC=NC=C2)C3=CC4=C(C=C3)C5=C(C4)C=NN5,25093326
CN1C=C(C(=N1)C2=CC=NC=C2)C3=CC4=C(C=C3)C5=C(CC4)C=NN5,54586536
CN1C=C(C(=N1)C2=CC=NC=C2)C3=CC4=C(C=C3)C5=C(CC4)NN=C5,54587568
CN1C=C(C(=N1)C2=CC=NC=C2)C3=CC4=C(C=C3)C5=NNN=C5C4,54581684
CN1C=C(C(=N1)C2=CC=NC=C2)C3=CC4=C(C=C3)C=C(C=C4)O,11659444
CN1C=C(C(=N1)C2=CC=NC=C2)C3=CC4=C(C=C3)C=CN4,54587570
CN1C=C(C(=N1)C2=CC=NC=C2)C3=CC4=C(C=C3)C=NN4,25093328
CN1C=C(C(=N1)C2=CC=NC=C2)C3=CC4=C(C=C3)NC=C4,54582675
CN1C=C(C(=N1)C2=CC=NC=C2)C3=CC4=C(C=C3)NN=C4,54583635
CN1C=C(C(=N1)C2=CC=NC=C2)C3=CC4=C(CCC4)C=C3,145732569
CN1C=C(C(=N1)C2=CC=NC=C2)C3=CC4=C(CNC4=O)C=C3,44587272
CN1C=C(C(=N1)C2=CC=NC=C2)C3=CC=C(C=C3)C4=NNN=C4,54587569
CN1C=C(C(=N1)C2=CC=NC=C2)C3=CC=C(C=C3)S(=O)(=O)N,19355820
CN1C=C(C(=N1)C2=CC=NC=C2)C3=CC=CC4=C3CCN=C4,141168288
CN1C=C(C(=N1)C2=CC=NC=C2)CN(C)CCO,109925524
CN1C=C(C(=N1)C2=CC=NC=C2)CN(CCO)CC3=CC=CC=C3,109925633
CN1C=C(C(=N1)C2=CC=NC=C2)CN(CCO)CC3=CN=CC=C3,109932197
CN1C=C(C(=N1)C2=CC=NC=C2)CN(CCO)CC=C,109934781
CN1C=C(C(=N1)C2=CN=CC=C2)C3=CC4=C(C=C3)C(=NO)CC4,44587271
CN1C=C(C(=N1)C2=CN=CC=C2)C3=CC4=C(C=C3)C(CC4)N=O,91896042
CN1C=C(C(=N1)C2=CN=CC=C2)CN(CCC3=CC=CC=C3)CCO,109933150
CN1C=C(C(=N1)C2=CN=CC=C2)CN(CCCO)CCO,109932559
CN1C=C(C(=N1)C2=CN=CC=C2)CN(CCO)CC3=CC=CC=C3,109925594
CN1C=C(C(=N1)C2=CN=CC=C2)CN(CCO)CC3=CN=CC=C3,109932126
CN1C=C(C(=N1)C2=CN=CC=C2)CN(CCO)CCOC,109931882
CN1C=C(C(=N1)C2=CN=CC=C2)CN3CCN(CC3)CCO,110905561
CN1C=C(C(=N1)C2=CN=CO2)C3=CC4=C(C=C3)C(=NO)CC4,44587273
CN1C=C(C=N1)C2=CC3=C(CN=C3C4=CC(=NC=C4)C5CCN(CC5)CCO)C=C2,157921015
CN1CC2=C(C1=C)C=C(C=C2)C3=C(C=CC=N3)C4=CN(N=C4)CC5CCCC5,129299431
CN1CCC(CC1)N2C=C(C(=N2)C3=CC=NC=C3)C4=CC5=C(C=C4)C(=NC5)NO,135399725
CN1CCC(CC1)N2C=C(C(=N2)C3=CC=NC=C3)C4=CC5=C(C=C4)C(=NO)CC5,11639637
CN1CCC(CC1)N2C=C(C(=N2)C3=CC=NC=C3)C4=CC5=C(C=C4)C(CC5)N=O,91896036
CN1CCN(CC1)CCN2C=C(C(=N2)C3=CC=NC=C3)C4=CC5=C(C=C4)C(=NO)CC5,11683120
CN=C1CCC2=C1C=CC(=C2)C3=CN(N=C3C4=CC=NC=C4)CCO,68004327
CNC(=O)C1=CC=C(C=C1)C2=CN(N=C2C3=CC=NC=C3)C,54582674
CNC1CCC2=C1C=CC(=C2)C3=CN(N=C3C4=CC=NC=C4)CCO,123739837
CNC1CCCC(C1)N2C=C(C(=N2)C3=CC=NC=C3)C4=CC5=C(C=C4)C(=NO)CC5,44587235
CNC1CCCC(C1)N2C=C(C(=N2)C3=CC=NC=C3)C4=CC5=C(C=C4)C(CC5)N=O,91896040
CNCC1=C(C=C(C=C1F)C2=CN(N=C2C3=CC=NC=C3)CCO)F,123390180
COC(=O)C1=CC=C(C=C1)C2=NNN=C2C3=CC=CC=C3,141743512
COC(=O)CNCCCN1C=C(C(=N1)C2=CC=NC=C2)C3=CC4=C(C=C3)C(=NO)CC4,11611470
COCC(=O)NCCCN1C=C(C(=N1)C2=CC=NC=C2)C3=CC4=C(C=C3)C(=NO)CC4,87623552
COCCN1C=C(C(=N1)C2=CC=C(C=C2)F)C3=CC=NC=C3,58265209
COCCN1C=C(C(=N1)C2=CC=NC=C2)C3=CC4=C(C=C3)C(=NO)CC4,44587049
COCCN1C=C(C(=N1)C2=CC=NC=C2)C3=CC4=C(C=C3)C(CC4)N=O,91896027
COCCN1C=CC(=N1)C2=CC(=CC=C2)C3=C(C=CC=N3)F,28309152
COCCN1C=CC(=N1)C2=CC=CC(=C2)C3=CC=NC=C3,29219764
COCCN1C=CC(=N1)C2=CC=CC(=C2)C3=CN=CC=C3,31134398
COCCN1CC2=C(C1)C=C(C=C2)C3=CN(N=C3C4=CC=NC=C4)CCO,154219048
COCCOCC(CN1C=C(C(=N1)C2=CC=NC=C2)C3=CC4=C(C=C3)C(=NO)CC4)O,135173660
COCCOCCCCN1C=C(C(=N1)C2=CC=NC=C2)C3=CC4=C(C=C3)C(=NO)CC4,135173662
COCCOCCCN1C=C(C(=N1)C2=CC=NC=C2)C3=CC4=C(C=C3)C(=NO)CC4,154606191
COCCOCCN1C=C(C(=N1)C2=CC=NC=C2)C3=CC4=C(C=C3)C(=NO)CC4,135173705
CON=CC1=CN(N=C1C2=CN=CC=C2)CC3=CC=CC=C3,42924883
CS(=O)(=O)C1=CC=C(C=C1)C2=C(N=C(S2)C(F)(F)F)C3=CC=C(C=C3)F,10157862
CS(=O)(=O)C1=CC=C(C=C1)C2=CC(=NN2C3=CC=C(C=C3)F)C(F)(F)F,9800221
CS(=O)(=O)C1=CC=C(C=C1)C2=CC(=NN2C3=CC=CC=C3)Cl,9840588
CS(=O)(=O)C1=CC=C(C=C1)C2=CON=C2C3=CC=CC=C3,91434450
CS(=O)(=O)NC1CCC2=C1C=CC(=C2)C3=CN(N=C3C4=CC=NC=C4)CCO,117906569
CS(=O)(=O)NCC1=CC=C(C=C1)C2=CN(N=C2C3=CC=NC=C3)CCO,51352928
