smiles,ChEMBLID,IC50,units
Cn1cc(-c2ccc3c(c2)CC/C3=N\O)c(-c2ccncc2)n1,CHEMBL500659,0.02,nM
O/N=C1\CCc2cc(-c3cn(C4CCNCC4)nc3-c3ccncc3)ccc21,CHEMBL526479,0.03,nM
O/N=C1\CCc2cc(-c3cn([C@@H]4CCC[C@H](O)C4)nc3-c3ccncc3)ccc21,CHEMBL498344,0.04,nM
OCCCn1cc(-c2ccc3c(c2)CC/C3=N\O)c(-c2ccncc2)n1,CHEMBL527029,0.05,nM
O/N=C1\CCc2cc(-c3cn([C@@H]4CCC[C@@H](O)C4)nc3-c3ccncc3)ccc21,CHEMBL521562,0.09,nM
OCCn1cc(-c2ccc3c(c2)CC/C3=N\O)c(-c2ccncc2)n1,CHEMBL525191,0.13,nM
O/N=C1\CCc2cc(-c3c[nH]nc3-c3ccncc3)ccc21,CHEMBL500406,0.15,nM
O/N=C1\CCc2cc(-c3cn(C4CCOCC4)nc3-c3ccncc3)ccc21,CHEMBL497671,0.22,nM
CNC1CCCC(n2cc(-c3ccc4c(c3)CC/C4=N\O)c(-c3ccncc3)n2)C1,CHEMBL498688,0.23,nM
CC(=O)N1C2CCC1CC(c1ccnc3c(-c4ccc(Cl)c(O)c4)c(-c4ccncc4)nn13)C2,CHEMBL578391,0.3,nM
CCOC(=O)N1C2CCC1CC(c1ccnc3c(-c4ccc(C)c(O)c4)c(-c4ccncc4)nn13)C2,CHEMBL570421,0.3,nM
Oc1cccc(-c2c(-c3ccncc3)nn3c(-c4ccc(N5C[C@@H]6C[C@H]5CN6)cc4F)ccnc23)c1,CHEMBL1088437,0.32,nM
CN1C[C@@H]2C[C@H]1CN2c1ccc(-c2ccnc3c(-c4cccc(O)c4)c(-c4ccncc4)nn23)c(F)c1,CHEMBL1087013,0.32,nM
Cc1cc(N2C[C@@H]3C[C@H]2CN3)ccc1-c1ccnc2c(-c3cccc(O)c3)c(-c3ccncc3)nn12,CHEMBL1087001,0.32,nM
CN1C[C@@H]2C[C@H]1CN2c1ccc(-c2ccnc3c(-c4cccc(O)c4)c(-c4ccncc4)nn23)c(Cl)c1,CHEMBL1080931,0.32,nM
CN1C[C@@H]2C[C@H]1CN2c1ccc(-c2ccnc3c(-c4ccc(F)c(O)c4)c(-c4ccncc4)nn23)cc1,CHEMBL1081283,0.32,nM
Oc1cccc(-c2c(-c3ccncc3)nn3c(-c4ccc(N5C[C@@H]6C[C@H]5CN6)cc4Cl)ccnc23)c1,CHEMBL1088438,0.32,nM
Oc1cc(-c2c(-c3ccncc3)nn3c(-c4ccc(N5C[C@@H]6C[C@H]5CN6)cc4)ccnc23)ccc1F,CHEMBL1088439,0.32,nM
Cc1cc(N2C[C@@H]3C[C@H]2CN3C)ccc1-c1ccnc2c(-c3cccc(O)c3)c(-c3ccncc3)nn12,CHEMBL1086882,0.32,nM
Cc1cc(N2C[C@@H]3C[C@H]2CN3C)ccc1-c1ccnc2c(-c3ccc(F)c(O)c3)c(-c3ccncc3)nn12,CHEMBL1081284,0.32,nM
CN1C2CCC1CN(c1ccc(-c3ccnc4c(-c5ccc(Cl)c(O)c5)c(-c5ccncc5)nn34)cc1)C2,CHEMBL1080833,0.32,nM
O/N=C1\CCc2cc(-c3cn([C@H]4CCC[C@@H]4O)nc3-c3ccncc3)ccc21,CHEMBL524640,0.33,nM
CN1CCC(n2cc(-c3ccc4c(c3)CC/C4=N\O)c(-c3ccncc3)n2)CC1,CHEMBL498674,0.34,nM
CN1C[C@@H]2C[C@H]1CN2c1ccc(-c2ccnc3c(-c4cccc(O)c4)c(-c4ccncc4)nn23)cc1,CHEMBL1087650,0.38,nM
NCCCn1cc(-c2ccc3c(c2)CC/C3=N\O)c(-c2ccncc2)n1,CHEMBL498496,0.39,nM
Oc1cc(-c2c(-c3ccncc3)nn3c(C4CC5CCC(C4)N5)ccnc23)ccc1Cl,CHEMBL569081,0.4,nM
CCOC(=O)N1C2CCC1CC(c1ccnc3c(-c4ccc(Cl)c5[nH]ncc45)c(-c4ccncc4)nn13)C2,CHEMBL585144,0.4,nM
CCOC(=O)N1C2CCC1CC(c1ccnc3c(-c4ccc(F)c5[nH]ncc45)c(-c4ccncc4)nn13)C2,CHEMBL570681,0.4,nM
COc1cccc(-c2c(-c3ccncc3)nn3c(-c4ccc(N5C[C@@H]6C[C@H]5CN6)cc4F)ccnc23)c1,CHEMBL1080652,0.44,nM
Cc1ccc(C(=O)Nc2cccc(C(F)(F)F)c2)cc1Nc1ncccc1-c1ccncn1,CHEMBL385956,0.46,nM
CN(C)CCCn1cc(-c2ccc3c(c2)CC/C3=N\O)c(-c2ccncc2)n1,CHEMBL498503,0.47,nM
Cn1ncc(-c2ccc3c(c2)CC/C3=N\O)c1-c1ccncc1,CHEMBL500660,0.48,nM
Oc1cccc(-c2c(-c3ccncc3)nn3c(-c4ccc(N5C[C@@H]6C[C@H]5CN6)cc4)ccnc23)c1,CHEMBL1087000,0.49,nM
CCN1C2CCC1CC(c1ccnc3c(-c4ccc(Cl)c(O)c4)c(-c4ccncc4)nn13)C2,CHEMBL571130,0.5,nM
CC(=O)N1C[C@@H]2C[C@H]1CN2c1ccc(-c2ccnc3c(-c4ccc(F)c(O)c4)c(-c4ccncc4)nn23)cc1,CHEMBL1076206,0.5,nM
CCN1C[C@@H]2C[C@H]1CN2c1ccc(-c2ccnc3c(-c4ccc(F)c(O)c4)c(-c4ccncc4)nn23)cc1,CHEMBL1080650,0.51,nM
OCC(CO)n1cc(-c2ccc3c(c2)CC/C3=N\O)c(-c2ccncc2)n1,CHEMBL498487,0.56,nM
CCn1cc(-c2ccc3c(c2)CC/C3=N\O)c(-c2ccncc2)n1,CHEMBL502816,0.57,nM
CN1C2CC(CO)C1Cc1cnc3c(-c4ccc(Cl)c(O)c4)c(-c4ccncc4)nn3c12,CHEMBL570873,0.6,nM
CCOC(=O)N1C2CCC1CC(c1ccnc3c(-c4ccc(C)c5[nH]ncc45)c(-c4ccncc4)nn13)C2,CHEMBL583133,0.7,nM
CN1C2CC(S(=O)(=O)c3ccccc3)C1Cc1cnc3c(-c4ccc(Cl)c(O)c4)c(-c4ccncc4)nn3c12,CHEMBL571112,0.8,nM
O/N=C1\CCc2cc(-c3cn(CC4CCCNC4)nc3-c3ccncc3)ccc21,CHEMBL524445,0.85,nM
OCC(O)Cn1cc(-c2ccc3c(c2)CC/C3=N\O)c(-c2ccncc2)n1,CHEMBL498317,0.87,nM
CN1C2CCC1CN(c1ccc(-c3ccnc4c(-c5cccc(O)c5)c(-c5ccncc5)nn34)cc1)C2,CHEMBL1080476,0.9,nM
CSc1cc(Oc2ccnc3[nH]c(=O)[nH]c23)ccc1NC(=O)Nc1cccc(C(F)(F)F)c1,CHEMBL496009,1.0,nM
CNC(=O)c1cc(Oc2ccc(NC(=O)Nc3ccc(Cl)c(C(F)(F)F)c3)cc2)ccn1,CHEMBL1336,1.0,nM
CSc1cc(Oc2ccnc3[nH]c(=O)[nH]c23)ccc1NC(=O)Nc1ccc(Cl)c(C(F)(F)F)c1,CHEMBL496201,1.0,nM
Oc1cccc(-c2c(-c3ccncc3)nn3c(-c4ccc(N[C@H]5CN6CCC5CC6)cc4)ccnc23)c1,CHEMBL1086871,1.0,nM
CCOC(=O)N1C2CCC1CC(c1ccnc3c(-c4cccc(O)c4)c(-c4ccncc4)nn13)C2,CHEMBL571129,1.0,nM
Cc1ccc(NC(=O)c2cccc(C(F)(F)F)c2)cc1NC(=O)c1ccc2nccnc2c1,CHEMBL475431,1.0,nM
COc1cc(-c2c(-c3ccncc3)nn3c(-c4ccc(N5C[C@@H]6C[C@H]5CN6C)cc4C)ccnc23)ccc1F,CHEMBL1076233,1.0,nM
COCCn1cc(-c2ccc3c(c2)CC/C3=N\O)c(-c2ccncc2)n1,CHEMBL496472,1.16,nM
O/N=C1\CCc2cc(-c3cn(CC4CCNCC4)nc3-c3ccncc3)ccc21,CHEMBL497670,1.2,nM
Oc1cccc(-c2c(-c3ccncc3)nn3c(-c4ccc(N[C@@H]5CN6CCC5CC6)cc4)ccnc23)c1,CHEMBL1087510,1.5,nM
Cn1cc(-c2ccc3c(c2)Cc2c[nH]nc2-3)c(-c2ccncc2)n1,CHEMBL523261,1.5,nM
COC(=O)C1CC2c3c(cnc4c(-c5ccc(Cl)c(O)c5)c(-c5ccncc5)nn34)CC1N2C,CHEMBL585148,1.6,nM
Cc1ccc2c(Nc3ccc(Cl)cc3)nccc2c1Nc1ncccc1-c1ncnc2[nH]cnc12.Cl.Cl.Cl,CHEMBL3215582,1.6,nM
CNc1ncc2cc(-c3cc(C(=O)Nc4cccc(C(F)(F)F)c4)ccc3C)ccc2n1,CHEMBL212964,1.7,nM
CCOC(=O)N1C2CCC1CC(c1ccnc3c(-c4ccc(Cl)c(O)c4)c(-c4ccncc4)nn13)C2,CHEMBL570431,2.0,nM
Oc1cccc(-c2c(-c3ccncc3)nn3c(-c4ccc(NCC56CCN(CC5)CC6)cc4)ccnc23)c1,CHEMBL1088289,2.0,nM
CNC(=O)c1cc(Oc2ccc3c(c2)nc(Nc2ccc(Br)cc2)n3C)ccn1,CHEMBL513600,2.0,nM
O=C(Cc1ccc(Cl)cc1)Nc1cccc(-c2nc(C3CC3)[nH]c2-c2ccnc(NCCN3CCNC3=O)n2)c1,CHEMBL429498,2.0,nM
Cn1cc(-c2ccc3c(c2)CN/C3=N/O)c(-c2ccncc2)n1,CHEMBL524643,2.0,nM
CCOC(=O)N1C2CCC1CC(c1ccnc3c(-c4cccc5[nH]ncc45)c(-c4ccncc4)nn13)C2,CHEMBL585334,2.0,nM
Cc1ccc(NC(=O)c2cccc(C(F)(F)F)c2)cc1NC(=O)c1ccc2ncccc2c1,CHEMBL481563,2.0,nM
CS(=O)(=O)C1C2CCC1CC(c1ccnc3c(-c4ccc(Cl)c(O)c4)c(-c4ccncc4)nn13)C2,CHEMBL569312,2.0,nM
CSc1cc(Oc2ccnc3[nH]c(=O)c(C)nc23)ccc1NC(=O)Nc1cc(C(F)(F)F)ccc1F,CHEMBL1214001,2.0,nM
CSc1cc(Oc2ccnc3[nH]c(=O)c(=O)[nH]c23)ccc1NC(=O)Nc1cc(C(F)(F)F)ccc1F,CHEMBL1214000,2.0,nM
CCn1cc(-c2ccnc3[nH]ccc23)c(-c2cccc(NC(=O)Nc3cccc(OC)c3)c2)n1,CHEMBL456350,2.1,nM
Cn1cc(-c2ccc3c(c2)CC/C3=N\O)c(-c2ccnc(N)c2)n1,CHEMBL496479,2.1,nM
O=C(O)[C@H]1CCCN1C(=O)N1C2CCC1CC(c1ccnc3c(-c4cccc5[nH]ncc45)c(-c4ccncc4)nn13)C2,CHEMBL571748,2.1,nM
NCCn1cc(-c2ccc3c(c2)CC/C3=N\O)c(-c2ccncc2)n1,CHEMBL496276,2.4,nM
CCn1cc(-c2ccnc3[nH]ccc23)c(-c2cccc(NC(=O)Nc3ccc(C(F)(F)F)cc3)c2)n1,CHEMBL523411,2.5,nM
Cn1cc(-c2ccc3c(c2)CC/C3=N\O)c(-c2ccnc(O)c2)n1,CHEMBL497700,2.9,nM
CCN1C2CCC1CC(c1ccnc3c(-c4ccc(F)c(O)c4)c(-c4ccncc4)nn13)C2,CHEMBL568855,3.0,nM
CNc1nccc(-c2[nH]c(C3CC3)nc2-c2cccc(NC(=O)Cc3ccc(Cl)cc3)c2)n1,CHEMBL403854,3.0,nM
NC(=O)c1cccc(Nc2nccc(-c3[nH]c(C4CC4)nc3-c3cccc(NC(=O)Cc4ccc(Cl)cc4)c3)n2)c1,CHEMBL254966,3.0,nM
CSc1cc(Oc2ccnc3[nH]c(=O)c(=O)[nH]c23)ccc1NC(=O)Nc1ccc(Cl)c(C(F)(F)F)c1,CHEMBL1213998,3.0,nM
Cc1nc2c(Oc3ccc(NC(=O)Nc4cc(C(F)(F)F)ccc4F)c(F)c3)ccnc2[nH]c1=O,CHEMBL1214614,3.0,nM
Cn1cc(-c2ccc3c(c2)CC/C3=N\O)c(-c2ccncn2)n1,CHEMBL497701,3.1,nM
Cc1ccc2c(Nc3ccc(Cl)cc3)nccc2c1Nc1ncccc1-c1ccncn1,CHEMBL565884,3.4,nM
O/N=C1\CCc2cc(-c3cn(C4CCCC4)nc3-c3ccncc3)ccc21,CHEMBL503089,3.46,nM
Fc1ccc(-c2c(-c3ccncc3)nn3c(C4CC5CCC(C4)N5)ccnc23)c2cn[nH]c12,CHEMBL584527,3.8,nM
CCn1cc(-c2ccnc3[nH]ccc23)c(-c2cccc(NC(=O)Nc3cc(C(F)(F)F)ccc3F)c2)n1,CHEMBL526268,3.9,nM
O/N=C1\CCc2cc(-c3cn([C@H]4CCC[C@H]4O)nc3-c3ccncc3)ccc21,CHEMBL498343,3.91,nM
O=C(Nc1ccc(Oc2ccnc3[nH]c(=O)cnc23)cc1F)Nc1cc(C(F)(F)F)ccc1F,CHEMBL1214612,4.0,nM
Oc1cccc(-c2c(-c3ccncc3)nn3c(C4CC5CCC(C4)N5)ccnc23)c1,CHEMBL583025,4.0,nM
CSc1cc(Oc2ccnc3[nH]c(=O)cnc23)ccc1NC(=O)Nc1ccc(Cl)c(C(F)(F)F)c1,CHEMBL1213952,4.0,nM
Cc1nc2c(Oc3ccc(NC(=O)Nc4cc(C(F)(F)F)ccc4F)c4ccccc34)ccnc2[nH]c1=O,CHEMBL1214058,4.0,nM
CSc1cc(Oc2ccnc3[nH]c(=O)cnc23)ccc1NC(=O)Nc1cc(C(F)(F)F)ccc1F,CHEMBL1213999,4.0,nM
CN(C)CCn1cc(-c2ccc3c(c2)CC/C3=N\O)c(-c2ccncc2)n1,CHEMBL498327,4.02,nM
Cn1cc(-c2ccc3c(c2)CC/C3=N\O)c(-c2cnco2)n1,CHEMBL496478,4.1,nM
CCOC(=O)N1C2CCC1CC(c1ccnc3c(-c4ccc(C(F)(F)F)c5[nH]ncc45)c(-c4ccncc4)nn13)C2,CHEMBL571744,4.4,nM
Cc1c[nH]nc1-c1ccc(-c2cn(C)nc2-c2ccncc2)cc1,CHEMBL498468,4.4,nM
CCN1C2CCC1CC(c1ccnc3c(-c4ccc(Cl)c5[nH]ncc45)c(-c4ccncc4)nn13)C2,CHEMBL583245,4.4,nM
CS(=O)(=O)N1C2CCC1CC(c1ccnc3c(-c4cccc5[nH]ncc45)c(-c4ccncc4)nn13)C2,CHEMBL570453,4.9,nM
Nc1nc2c(Oc3ccc(NC(=O)Nc4cc(C(F)(F)F)ccc4F)c4ccccc34)ccnc2[nH]c1=O,CHEMBL1214129,5.0,nM
O=C(Nc1cccc(Oc2cccc3[nH]c(=O)[nH]c23)c1)c1cccc(SC(F)(F)F)c1,CHEMBL605328,5.0,nM
CC(=O)Nc1cc(CNc2ccccc2C(=O)Nc2ccc3c(c2)OC(F)(F)O3)ccn1,CHEMBL248256,5.0,nM
Cc1ccc(NC(=O)c2cccc(C(F)(F)F)c2)cc1NC(=O)c1cnc2ccccc2c1,CHEMBL480918,5.0,nM
O=C(Nc1ccc(Oc2ccnc3[nH]c(=O)c(=O)[nH]c23)cc1F)Nc1cc(C(F)(F)F)ccc1F,CHEMBL1213691,5.0,nM
CCn1cc(-c2ccnc3[nH]ccc23)c(-c2cccc(NC(=O)Nc3ccccc3Cl)c2)n1,CHEMBL525896,5.3,nM
CCn1cc(-c2ccnc3[nH]ccc23)c(-c2cccc(NC(=O)Nc3ccc(Cl)c(C(F)(F)F)c3)c2)n1,CHEMBL456983,5.4,nM
O=C(Nc1ccc(Cl)c(C(F)(F)F)c1)Nc1ccc(Oc2ccnc3[nH]c(=O)cnc23)cc1F,CHEMBL1213824,6.0,nM
Oc1cc(-c2[nH]c(-c3cccnc3)nc2-c2ccncc2)ccc1Cl,CHEMBL381250,6.0,nM
CC(C)(CN)c1nc(-c2ccc(Cl)c(O)c2)c(-c2ccncc2)[nH]1,CHEMBL200889,6.0,nM
CN(C)C(=O)N1C2CCC1CC(c1ccnc3c(-c4cccc5[nH]ncc45)c(-c4ccncc4)nn13)C2,CHEMBL584942,6.4,nM
CCNC(=O)N1C2CCC1CC(c1ccnc3c(-c4cccc5[nH]ncc45)c(-c4ccncc4)nn13)C2,CHEMBL570658,6.7,nM
CCCC1CCCCN1C(=O)c1cc(Oc2ccc3c(c2)nc(Nc2ccc(Br)cc2)n3C)ccn1,CHEMBL486341,7.0,nM
Cc1ccc(NC(=O)c2cccc(C(F)(F)F)c2)cc1C(=O)Nc1cccnc1,CHEMBL454104,7.0,nM
Cc1ccc(NC(=O)c2cccc(C(C)(C)C#N)c2)cc1C(=O)Nc1cccnc1,CHEMBL480389,7.0,nM
NCc1ccc(-c2nc(-c3ccc(Cl)c(O)c3)c(-c3ccncc3)[nH]2)cc1,CHEMBL200320,8.0,nM
CNC(=O)c1cc(Oc2ccc3c(c2)nc(Nc2cccc(C(F)(F)F)c2)n3C)ccn1,CHEMBL513562,8.0,nM
COc1cccc(-c2c(-c3ccncc3)nn3c(-c4ccc(N5C[C@@H]6C[C@H]5CN6C)cc4)ccnc23)c1,CHEMBL1080615,8.2,nM
CCOC(=O)N1C2CCC1CC(c1c(C)cnc3c(-c4cccc5[nH]ncc45)c(-c4ccncc4)nn13)C2,CHEMBL585335,8.4,nM
COc1cc(-c2c(-c3ccncc3)nn3c(C4CC5CCC(C4)N5)ccnc23)ccc1Cl,CHEMBL583678,8.5,nM
COc1cc(-c2c(-c3ccncc3)nn3c(-c4ccc(N5C[C@@H]6C[C@H]5CN6)cc4)ccnc23)ccc1F,CHEMBL1079785,8.7,nM
Cc1ccc(NC(=O)c2ccc(Cl)c(C(F)(F)F)c2)cc1C(=O)Nc1cccnc1,CHEMBL475865,9.0,nM
CC(=O)N1C2CCC1CC(c1ccnc3c(-c4cccc5[nH]ncc45)c(-c4ccncc4)nn13)C2,CHEMBL570458,9.1,nM
COc1cc(-c2c(-c3ccncc3)nn3c(-c4ccc(N5CC6CCC(C5)N6C)cc4)ccnc23)ccc1Cl,CHEMBL1088288,9.7,nM
O=C(Nc1cc(Oc2cccc3[nH]c(=O)[nH]c23)c(F)cc1F)c1cccc(OC(F)(F)F)c1,CHEMBL590543,10.0,nM
O=C1NCCN1CCNc1nccc(-c2[nH]c(C3CC3)nc2-c2cc(Cl)ccc2Cl)n1,CHEMBL401710,10.0,nM
Cn1c(=O)[nH]c2nccc(Oc3ccc(NC(=O)Nc4cccc(C(F)(F)F)c4)c4ccccc34)c21,CHEMBL487717,10.0,nM
Oc1cc(-c2nc(-c3ccccc3)[nH]c2-c2ccncc2)ccc1Cl,CHEMBL373011,10.0,nM
CCn1cc(-c2ccnc3[nH]ccc23)c(-c2cccc(NC(=O)Nc3cccc(Cl)c3)c2)n1,CHEMBL497484,10.5,nM
Cn1nc(C(C)(C)C)cc1NC(=O)Nc1ccc(Oc2ccnc3[nH]c(=O)[nH]c23)c2ccccc12,CHEMBL1091432,11.0,nM
CNC(=O)c1cc(Oc2ccc3[nH]c(Nc4ccc(C(F)(F)F)cc4)nc3c2)ccn1,CHEMBL472450,11.0,nM
O=C(Nc1ccc(Oc2ccnc3[nH]c(=O)cnc23)cc1)Nc1ccc(Cl)c(C(F)(F)F)c1,CHEMBL1213821,11.0,nM
Cc1ccc(NC(=O)c2cccc(S(C)(=O)=O)c2)cc1C(=O)Nc1cccnc1,CHEMBL480551,11.0,nM
Cn1c(Nc2ccc(Br)cc2)nc2cc(Oc3ccnc(C(=O)NCCO)c3)ccc21,CHEMBL486137,11.0,nM
CC(C)(C)c1nc(-c2ccc(Cl)c(O)c2)c(-c2ccncc2)[nH]1,CHEMBL200172,12.0,nM
Cc1ccc(NC(=O)c2cccc(Cl)c2)cc1C(=O)Nc1cccnc1,CHEMBL480201,12.0,nM
Cc1ccc(NC(=O)c2cccc(C(F)(F)F)c2)cc1C(=O)Nc1cnc(N)c(Cl)c1,CHEMBL514670,12.0,nM
COc1cccc(-c2c(-c3ccncc3)nn3c(-c4ccc(N5C[C@@H]6C[C@H]5CN6)cc4)ccnc23)c1,CHEMBL1080651,12.0,nM
CSc1cc(Oc2ccnc3[nH]c(=O)[nH]c23)ccc1NC(=O)Nc1cc(C(F)(F)F)ccc1F,CHEMBL496202,12.0,nM
COc1ccc(C(F)(F)F)cc1NC(=O)Nc1ccc(Oc2ccnc3[nH]c(=O)[nH]c23)cc1,CHEMBL490455,12.0,nM
O=C(Nc1cccc(C(F)(F)F)c1)Nc1ccc(Oc2ccnc3[nH]c(=O)[nH]c23)cc1F,CHEMBL496414,12.0,nM
Oc1cc(-c2[nH]c(-c3ccco3)nc2-c2ccncc2)ccc1Cl,CHEMBL371952,13.0,nM
CC(C)(CNC(=O)Nc1ccc(Cl)cc1)c1nc(-c2ccc(Cl)c(O)c2)c(-c2ccncc2)[nH]1,CHEMBL200863,13.0,nM
CCNC(=O)c1cc(Oc2ccc3c(c2)nc(Nc2ccc(Br)cc2)n3C)ccn1,CHEMBL470359,13.0,nM
O=C(Nc1cccc(Oc2cccc3[nH]c(=O)[nH]c23)c1)c1cccc(OC(F)(F)F)c1,CHEMBL598008,14.0,nM
COc1cncc(NC(=O)c2cc(NC(=O)c3cccc(C(C)(C)C#N)c3)ccc2C)c1,CHEMBL473622,14.0,nM
O=C(Nc1ccc(Oc2ccnc3[nH]c(=O)[nH]c23)cc1)Nc1cccc(C(F)(F)F)c1,CHEMBL476467,14.0,nM
CNC(=O)c1cc(Oc2ccc3c(c2)nc(Nc2cccc(-c4ccncc4)c2)n3C)ccn1,CHEMBL514135,14.0,nM
O=C(Nc1cc(C(F)(F)F)ccc1N1CCOCC1)Nc1ccc(Oc2ccnc3[nH]c(=O)[nH]c23)c2ccccc12,CHEMBL501686,14.0,nM
Cc1ccc(-n2nc(C(C)(C)C)cc2NC(=O)Nc2ccc(Oc3ccnc4[nH]c(=O)[nH]c34)c3ccccc23)cc1,CHEMBL1090975,14.0,nM
CC(C)(CNS(C)(=O)=O)c1nc(-c2ccc(Cl)c(O)c2)c(-c2ccncc2)[nH]1,CHEMBL381447,14.0,nM
Cc1ccc(NC(=O)c2cccc(C(C)(C)C#N)c2)cc1C(=O)Nc1ccc(N)nc1,CHEMBL515453,14.0,nM
O=C(Nc1cccc(Oc2cccc3[nH]c(=O)[nH]c23)c1)c1cccc(OC(F)(F)F)c1F,CHEMBL597605,15.0,nM
Cc1ccc(NC(=O)c2cccc(C(C)C)c2)cc1C(=O)Nc1cccnc1,CHEMBL471794,15.0,nM
Cc1ccc(NC(=O)c2cccc(OC(C)C)c2)cc1C(=O)Nc1cccnc1,CHEMBL481681,15.0,nM
CC(=O)Nc1ccc(NC(=O)c2cc(NC(=O)c3cccc(C(C)(C)C#N)c3)ccc2C)cn1,CHEMBL482576,16.0,nM
CNc1nccc(-c2[nH]c(C3CC3)nc2-c2cccc(NC(=O)Nc3ccc(Cl)c(C(F)(F)F)c3)c2)n1,CHEMBL430413,16.0,nM
Cn1cc(-c2ccc3c(c2)CCN/C3=N/O)c(-c2ccncc2)n1,CHEMBL498524,16.0,nM
COc1cc(NC(=O)Nc2cccc(C(F)(F)F)c2)ccc1Oc1ccnc2[nH]c(=O)[nH]c12,CHEMBL496203,16.0,nM
Cc1ccc(NC(=O)c2cccc(N(C)C)c2)cc1C(=O)Nc1cccnc1,CHEMBL480200,16.0,nM
Cc1cncc(NC(=O)c2cc(NC(=O)c3cccc(C(C)(C)C#N)c3)ccc2C)c1,CHEMBL519143,16.0,nM
Cc1cccc(C(=O)Nc2ccc(C)c(C(=O)Nc3cccnc3)c2)c1,CHEMBL471793,16.0,nM
Cc1ccc(NC(=O)c2cccc(C(C)(C)C#N)c2)cc1C(=O)Nc1cnc(N)c(Cl)c1,CHEMBL475799,16.0,nM
Cc1ccc2c(Nc3cccc(C(F)(F)F)c3)nccc2c1Nc1ncccc1-c1ccncn1,CHEMBL571703,17.0,nM
Cn1nc(C(C)(C)C)cc1NC(=O)Nc1ccc(Oc2ccnc3[nH]c(=O)cnc23)cc1F,CHEMBL1213884,17.0,nM
O=C(Nc1ccc(Oc2ccnc3[nH]c(S)nc23)cc1F)Nc1cc(C(F)(F)F)ccc1F,CHEMBL1212949,17.0,nM
CNC(=O)c1cncc(NC(=O)c2cc(NC(=O)c3cccc(C(C)(C)C#N)c3)ccc2C)c1,CHEMBL475795,17.0,nM
CC(C)(C)c1cccc(C(=O)Nc2cccc(Oc3cccc4[nH]c(=O)[nH]c34)c2)c1,CHEMBL599659,17.0,nM
COc1cccc(-c2c(-c3ccncc3)nn3c(-c4ccc(N5CC6CCC(C5)N6C)cc4)ccnc23)c1,CHEMBL1080832,17.0,nM
CCN1C2CCC1CC(c1ccnc3c(-c4ccc(C)c5[nH]ncc45)c(-c4ccncc4)nn13)C2,CHEMBL570444,17.0,nM
Cn1c(=O)[nH]c2nccc(Oc3ccc(NC(=O)Nc4cc(C(F)(F)F)ccc4F)c4ccccc34)c21,CHEMBL524068,17.0,nM
CCn1cc(-c2ccnc3[nH]ccc23)c(-c2cccc(NC(=O)Nc3ccccc3)c2)n1,CHEMBL498307,17.4,nM
O=C(Nc1ccc(F)c(-c2ccnc3c(-c4cn[nH]c4)cnn23)c1)c1cccc(C(F)(F)F)c1,CHEMBL1080438,18.0,nM
C#Cc1cccc(Nc2nccc3c(Nc4ncccc4-c4cc(NC)ncn4)c(C)ccc23)c1,CHEMBL571278,18.0,nM
CNc1nccc(-c2[nH]c(C(F)(F)F)nc2-c2cccc(NC(=O)Cc3ccc(Cl)cc3)c2)n1,CHEMBL258454,18.0,nM
Cn1cc(-c2ccc(/C(N)=N\O)cc2)c(-c2ccncc2)n1,CHEMBL497866,18.4,nM
CSc1cc(Oc2ccnc3[nH]c(=O)cnc23)ccc1NC(=O)Nc1cc(C(C)(C)C)nn1-c1ccc(C)cc1,CHEMBL1214056,19.0,nM
Cn1c(=O)[nH]c2nccc(Oc3ccc(NC(=O)Nc4cc(C(C)(C)C)nn4-c4ccccc4)c4ccccc34)c21,CHEMBL1090977,19.0,nM
CSc1cc(Oc2ccnc3[nH]c(=O)c(C)nc23)ccc1NC(=O)Nc1cc(C(C)(C)C)nn1-c1ccccc1,CHEMBL1214055,20.0,nM
O=C(Nc1cccc(-c2ccnc3c(-c4ccc(CN5CCCC5)cc4)cnn23)c1)c1cccc(C(F)(F)F)c1,CHEMBL1087522,20.0,nM
O=C(Nc1ccc(Oc2ccnc3[nH]c(=O)c(=O)[nH]c23)cc1)Nc1ccc(Cl)c(C(F)(F)F)c1,CHEMBL1213822,21.0,nM
O=C(Nc1ccc(Oc2ccnc3[nH]c(=O)[nH]c23)cc1)Nc1cccc(OC(F)(F)F)c1,CHEMBL490454,21.0,nM
COc1cc(-c2c(-c3ccncc3)nn3c(-c4ccc(N5C[C@@H]6C[C@H]5CN6C)cc4)ccnc23)ccc1F,CHEMBL1080616,21.0,nM
CNc1ncc2cc(-c3c(C)ccc4c(Nc5ccc6c(c5)NC(=O)C6(C)C)nccc34)ccc2n1,CHEMBL576985,21.0,nM
Cn1c(=O)[nH]c2nccc(Oc3ccc(NC(=O)Nc4ccc(Cl)c(C(F)(F)F)c4)cc3)c21,CHEMBL485302,22.0,nM
O=C(Nc1ccc(Cl)c(C(F)(F)F)c1)Nc1ccc(Oc2ccnc3[nH]c(=O)[nH]c23)cc1C(F)(F)F,CHEMBL496185,22.0,nM
O=C(Nc1cccc(-c2nc(C3CC3)[nH]c2-c2ccnc(NCCN3CCNC3=O)n2)c1)Nc1ccc(Cl)c(C(F)(F)F)c1,CHEMBL256921,22.0,nM
CNc1ncc2cc(-c3c(C)ccc4c(Nc5cc(C(C)(C)C)nn5C)nccc34)ccc2n1,CHEMBL569882,22.0,nM
OCCN1C2CCC1CC(c1ccnc3c(-c4cccc5[nH]ncc45)c(-c4ccncc4)nn13)C2,CHEMBL570443,22.8,nM
O=C(Nc1ccc(Oc2ccnc3[nH]c(=O)[nH]c23)cc1)Nc1ccc(Cl)c(C(F)(F)F)c1,CHEMBL514688,23.0,nM
O=C(Nc1ccc(Oc2cccc3[nH]c(=O)[nH]c23)cc1)Nc1ccc(Cl)c(C(F)(F)F)c1,CHEMBL590711,23.0,nM
O=C(Nc1cccc(Oc2cccc3[nH]c(=O)[nH]c23)c1)c1cccc(OC(F)(F)C(F)F)c1,CHEMBL596998,23.0,nM
Cn1c(=O)[nH]c2nccc(Oc3ccc(NC(=O)Nc4ccc(Cl)c(C(F)(F)F)c4)c4ccccc34)c21,CHEMBL498459,23.0,nM
Cc1cc(NC(=O)Nc2ccc(Cl)c(C(F)(F)F)c2)ccc1Oc1ccnc2[nH]c(=O)[nH]c12,CHEMBL522724,23.0,nM
CN(C)Cc1ccc(-c2cnn3c(-c4cccc(NC(=O)c5cccc(C(F)(F)F)c5)c4)ccnc23)cc1,CHEMBL1087397,24.0,nM
CSc1cc(Oc2ccnc3[nH]c(=O)c(C)nc23)ccc1NC(=O)Nc1cc(C(C)(C)C)nn1-c1ccc(C)cc1,CHEMBL1214057,24.0,nM
CNC(=O)Nc1cc(CNc2ccccc2C(=O)Nc2ccc3c(c2)OC(F)(F)O3)ccn1,CHEMBL394503,24.0,nM
COc1cc(NC(=O)Nc2ccc(Cl)c(C(F)(F)F)c2)ccc1Oc1ccnc2[nH]c(=O)[nH]c12,CHEMBL496019,25.0,nM
O=C(Nc1cccc(-c2ccnc3cc(-c4ccncc4)nn23)c1)Nc1cccc(C(F)(F)F)c1,CHEMBL1091843,25.0,nM
CN(C)c1nc2c(Oc3ccc(NC(=O)Nc4cc(C(F)(F)F)ccc4F)c(F)c3)ccnc2[nH]1,CHEMBL1213754,25.0,nM
CNC(=O)c1cc(Oc2ccc3c(c2)nc(Nc2cccc(Br)c2)n3C)ccn1,CHEMBL471625,25.0,nM
CCn1cc(-c2ccnc3[nH]ccc23)c(-c2cccc(NC(=O)Nc3c(F)cccc3F)c2)n1,CHEMBL496275,25.7,nM
CNc1nccc(CNc2ccccc2C(=O)Nc2ccc3c(c2)OC(F)(F)O3)n1,CHEMBL246424,26.0,nM
CN(C)CCc1ccc(-c2cnn3c(-c4cccc(NC(=O)c5cccc(C(F)(F)F)c5)c4)ccnc23)cc1,CHEMBL1087892,26.0,nM
CNC(=O)c1cc(Oc2ccc3[nH]c(Nc4cccc(C(C)(C)C)c4)nc3c2)ccn1,CHEMBL511997,26.0,nM
Nc1ncc(NC(=O)c2cc(NC(=O)c3cccc(C(F)(F)F)c3)ccc2Cl)cc1Cl,CHEMBL475817,27.0,nM
COc1cc(Cl)c(C(F)(F)F)cc1NC(=O)Nc1ccc(Oc2ccnc3[nH]c(=O)[nH]c23)cc1,CHEMBL490459,27.0,nM
Cn1c(=O)[nH]c2c(Oc3ccc(NC(=O)Nc4cc(C(C)(C)C)nn4-c4ccccc4)c4ccccc34)ccnc21,CHEMBL1090980,27.0,nM
CNC(=O)c1cc(Oc2ccc3c(c2)nc(Nc2ccc(Cl)c(C(F)(F)F)c2)n3C)ccn1,CHEMBL470364,28.0,nM
Cc1ccc(NC(=O)c2cccc(OCC(C)C)c2)cc1C(=O)Nc1cccnc1,CHEMBL520252,28.0,nM
O=C(Nc1ccc(Sc2ccnc3[nH]c(=O)[nH]c23)cc1)Nc1cccc(C(F)(F)F)c1,CHEMBL449813,28.0,nM
O=C(Nc1ccc(Sc2ccnc3[nH]c(=O)[nH]c23)cc1)Nc1cc(C(F)(F)F)ccc1F,CHEMBL491055,29.0,nM
Cc1ccc(NC(=O)c2cccc(S(N)(=O)=O)c2)cc1C(=O)Nc1cccnc1,CHEMBL475866,30.0,nM
CN(C)CCNc1ccc(-c2cnn3c(-c4cccc(NC(=O)c5cccc(C(F)(F)F)c5)c4)ccnc23)cn1,CHEMBL1087781,30.0,nM
O=C(Nc1ccc(Cl)c(C(F)(F)F)c1)Nc1ccc(Oc2ccnc3[nH]c(=O)[nH]c23)c2ccccc12,CHEMBL521725,30.0,nM
CN1CCN(c2ccc(-c3cnn4c(-c5cc(NC(=O)c6cccc(C(F)(F)F)c6)ccc5F)ccnc34)cn2)CC1,CHEMBL1076204,30.0,nM
Nc1nc2c(Oc3ccc(NC(=O)Nc4cc(C(F)(F)F)ccc4F)c(F)c3)ccnc2[nH]c1=O,CHEMBL1213689,30.0,nM
Cn1c(Nc2ccc(Br)cc2)nc2cc(Oc3ccnc(C(=O)NCCC4CNCCO4)c3)ccc21,CHEMBL511119,31.0,nM
O=C(Nc1cccc(-c2ccnc3cc(-c4ccncc4)nn23)c1)c1cccc(C(F)(F)F)c1,CHEMBL1089082,32.0,nM
Oc1cc(-c2[nH]cnc2-c2ccncc2)ccc1Cl,CHEMBL200118,33.0,nM
CCOC(=O)c1cc2c(-c3cn(CC)nc3-c3cccc(NC(=O)Nc4ccccc4)c3)ccnc2[nH]1,CHEMBL1964273,33.9,nM
CN(C)CC(=O)Nc1ccc(-c2cnn3c(-c4cccc(NC(=O)c5cccc(C(F)(F)F)c5)c4)ccnc23)cc1,CHEMBL1076440,34.0,nM
NC(=O)c1cc(CNc2ccccc2C(=O)Nc2ccc3c(c2)OC(F)(F)O3)ccn1,CHEMBL248051,34.0,nM
CC(C)(C)c1cc(NC(=O)Nc2ccc(Oc3ccnc4[nH]c(=O)[nH]c34)c3ccccc23)n(-c2ccccc2)n1,CHEMBL1093756,35.0,nM
CNc1cc(-c2cccnc2Nc2c(C)ccc3c(Nc4ccc(Cl)cc4)nccc23)ncn1,CHEMBL565885,35.0,nM
Cc1ccc(NC(=O)c2cccc(C(C)(C)C#N)c2)cc1C(=O)Nc1cncc(Cl)c1,CHEMBL475794,35.0,nM
NC(=O)c1cccc(Nc2nccc(-c3[nH]c(C4CC4)nc3-c3cccc(NC(=O)Nc4ccc(Cl)c(C(F)(F)F)c4)c3)n2)c1,CHEMBL255496,35.0,nM
CCOC(=O)N1C2CCC1CC(c1ccnc3c(-c4ccc5cc[nH]c5c4)c(-c4ccncc4)nn13)C2,CHEMBL583894,36.0,nM
Cc1cc(Oc2ccnc3[nH]c(=O)[nH]c23)ccc1NC(=O)Nc1ccc(Cl)c(C(F)(F)F)c1,CHEMBL524801,37.0,nM
CN1CCN(Cc2ccc(-c3cnn4c(-c5cccc(NC(=O)c6cccc(C(F)(F)F)c6)c5)ccnc34)cc2)CC1,CHEMBL1076482,38.0,nM
CNc1ccc(NC(=O)c2cc(NC(=O)c3cccc(C(C)(C)C#N)c3)ccc2C)cn1,CHEMBL475045,38.0,nM
O=C(Nc1ccccc1)Nc1cc(CNc2ccccc2C(=O)Nc2ccc3c(c2)OC(F)(F)O3)ccn1,CHEMBL397345,39.0,nM
CNC(=O)c1cc(Oc2ccc3c(c2)nc(Nc2ccccc2Br)n3C)ccn1,CHEMBL471415,39.0,nM
CNc1cc(-c2cccnc2Nc2c(C)ccc3c(Nc4ccc(C#N)cc4)nccc23)ncn1,CHEMBL570567,39.0,nM
CNC(=O)c1cc(Oc2ccc3[nH]c(Nc4ccc(Br)cc4)nc3c2)ccn1,CHEMBL472448,39.0,nM
CC(C)(C)OC(=O)[C@H]1CCCN1C(=O)N1C2CCC1CC(c1ccnc3c(-c4cccc5[nH]ncc45)c(-c4ccncc4)nn13)C2,CHEMBL571747,39.4,nM
CN(C)CCCNC(=O)c1nc(-c2ccc(Cl)c(O)c2)c(-c2ccncc2)[nH]1,CHEMBL426476,40.0,nM
O=C(Nc1ccc2c(c1)OC(F)(F)C(F)(F)O2)c1ccccc1NCc1ccncc1,CHEMBL391781,40.0,nM
O=C(Cc1ccc(Cl)cc1)Nc1cccc(-c2nc(C(F)(F)F)[nH]c2-c2ccnc(NCCN3CCNC3=O)n2)c1,CHEMBL254965,40.0,nM
COc1cc2nccc(Oc3ccc4c(C(=O)Nc5ccc(Cl)cc5)cccc4c3)c2cc1OC,CHEMBL429743,40.0,nM
O=C(Nc1ccc(Sc2ccnc3[nH]c(=O)[nH]c23)cc1)Nc1ccc(Cl)c(C(F)(F)F)c1,CHEMBL489009,40.0,nM
O=C(Nc1cccc(-c2ccnc3cc(-c4ccncc4)nn23)c1)Nc1ccc(Cl)c(C(F)(F)F)c1,CHEMBL1091844,40.0,nM
CN(C)CC(=O)Nc1cccc(-c2cnn3c(-c4cccc(NC(=O)c5cccc(C(F)(F)F)c5)c4)ccnc23)c1,CHEMBL1076441,40.0,nM
CN(C)CCc1cccc(-c2cnn3c(-c4cccc(NC(=O)c5cccc(C(F)(F)F)c5)c4)ccnc23)c1,CHEMBL1088295,41.0,nM
CCn1cc(-c2ccnc3[nH]ccc23)c(-c2cccc(NC(=O)NC3CCCCC3)c2)n1,CHEMBL522902,41.7,nM
O=C(Nc1ccc(Cl)c(-c2ccnc3c(-c4cn[nH]c4)cnn23)c1)c1cccc(C(F)(F)F)c1,CHEMBL1080439,42.0,nM
O=C(Nc1ccc(Oc2ccnc3[nH]cnc23)cc1F)Nc1cc(C(F)(F)F)ccc1F,CHEMBL1213753,42.0,nM
CCN1C2CCC1CC(c1ccnc3c(-c4ccc(Cl)c(OC)c4)c(-c4ccncc4)nn13)C2,CHEMBL569768,43.5,nM
CN(C)Cc1cccc(-c2cnn3c(-c4cccc(NC(=O)c5cccc(C(F)(F)F)c5)c4)ccnc23)c1,CHEMBL1087894,44.0,nM
CN1CCN(c2ccc(-c3cnn4c(-c5cccc(NC(=O)c6cccc(C(F)(F)F)c6)c5)ccnc34)cn2)CC1,CHEMBL1076497,44.0,nM
CCN1C2CCC1CC(c1ccnc3c(-c4ccc(C(F)(F)F)c5[nH]ncc45)c(-c4ccncc4)nn13)C2,CHEMBL570642,45.0,nM
CNC(=O)c1cc(Oc2ccc3c(c2)nc(Nc2cccc(C(C)(C)C)c2)n3C)ccn1,CHEMBL470808,45.0,nM
Cn1c(=O)[nH]c2c(Oc3ccc(NC(=O)Nc4ccc(Cl)c(C(F)(F)F)c4)cc3)ccnc21,CHEMBL523129,45.0,nM
CNC(=O)c1cc(CNc2ccccc2C(=O)Nc2ccc3c(c2)OC(F)(F)O3)ccn1,CHEMBL247437,45.0,nM
CCn1cc(-c2ccnc3[nH]c(C(=O)O)cc23)c(-c2cccc(NC(=O)Nc3ccccc3)c2)n1,CHEMBL1964274,45.7,nM
Cn1c(=O)[nH]c2c(Oc3ccc(NC(=O)Nc4cc(C(F)(F)F)ccc4F)cc3)ccnc21,CHEMBL523278,46.0,nM
CCN1C2CCC1CC(c1ccnc3c(-c4cccc5[nH]ncc45)c(-c4ccncc4)nn13)C2,CHEMBL570422,46.6,nM
Cc1ccc(NC(=O)c2cc(NC(=O)c3cccc(C(C)(C)C#N)c3)ccc2C)cn1,CHEMBL503699,48.0,nM
Cc1ccc(NC(=O)c2cccc(C(C)(C)C#N)c2)cc1C(=O)Nc1ccc(C(C#N)N(C)C)nc1,CHEMBL492397,48.0,nM
Cc1ccc(NC(=O)c2cccc(C(F)(F)F)c2)cc1NC(=O)c1cccnc1,CHEMBL507803,49.0,nM
O=C(Nc1ccc(Oc2ccnc3[nH]c(=O)[nH]c23)cc1)Nc1cc(C(F)(F)F)ccc1F,CHEMBL490653,52.0,nM
CN(C)CCNc1cc(-c2cc3nccc(-c4cccc(NC(=O)c5cccc(C(F)(F)F)c5)c4)n3n2)ccn1,CHEMBL1092180,53.0,nM
CCOC(=O)N1C2CCC1CC(c1ccnc3c(-c4ccc(Cl)c(OC)c4)c(-c4ccncc4)nn13)C2,CHEMBL584739,54.1,nM
CSc1cc(Oc2ccnc3[nH]c(=O)[nH]c23)ccc1NC(=O)Nc1cc(C(C)(C)C)nn1-c1ccc(C)cc1,CHEMBL1092541,56.0,nM
NC(=O)c1cccc(-c2cnn3c(-c4cccc(NC(=O)c5cccc(C(F)(F)F)c5)c4)ccnc23)c1,CHEMBL1086870,57.0,nM
CCN1C2CCC1CC(c1ccnc3c(-c4ccc(C#N)c(O)c4)c(-c4ccncc4)nn13)C2,CHEMBL570872,57.9,nM
Cn1c(=O)[nH]c2c(Oc3ccc(NC(=O)Nc4cccc(C(C)(C)C)c4)cc3)ccnc21,CHEMBL489823,60.0,nM
O=C(Nc1cccc(-c2ccnc3cc(-c4ccncc4)nn23)c1)c1ccc(Cl)c(C(F)(F)F)c1,CHEMBL1090083,60.0,nM
Cn1c(=O)n(C)c2c(Oc3ccc(NC(=O)Nc4ccc(Cl)c(C(F)(F)F)c4)cc3)ccnc21,CHEMBL491054,61.0,nM
CNC(=O)c1cc(CNc2ccsc2C(=O)Nc2ccc3c(c2)OC(F)(F)O3)ccn1,CHEMBL247618,61.0,nM
CNC(=O)c1cc(Oc2ccc3[nH]c(Nc4ccc(C(C)(C)C)cc4)nc3c2)ccn1,CHEMBL471407,63.0,nM
O=C(Nc1ccc2c(c1)CCC2)Nc1cc(CNc2ccccc2C(=O)Nc2ccc3c(c2)OC(F)(F)O3)ccn1,CHEMBL399571,64.0,nM
Cc1ccc(-n2nc(C(C)(C)C)cc2NC(=O)Nc2ccc(Oc3ccnc4[nH]c(=O)cnc34)cc2F)cc1,CHEMBL1213951,64.0,nM
O=C(Nc1cccc(-c2ccnc3cc(-c4ccnc(NCCCc5ncc[nH]5)c4)nn23)c1)c1cccc(C(F)(F)F)c1,CHEMBL1091689,66.0,nM
O=C(Nc1cccc(-c2ccnc3cc(-c4ccnc(NCCN5CCC(O)CC5)c4)nn23)c1)c1cccc(C(F)(F)F)c1,CHEMBL1091690,66.0,nM
CC(C)N1C2CCC1CC(c1ccnc3c(-c4cccc5[nH]ncc45)c(-c4ccncc4)nn13)C2,CHEMBL570648,67.0,nM
O=C(Nc1cccc(-c2ccnc3cc(-c4ccnc(NCCN5CCCC5)c4)nn23)c1)c1cccc(C(F)(F)F)c1,CHEMBL1091686,68.0,nM
CCn1c(Nc2ccc(Br)cc2)nc2cc(Oc3ccnc(C(=O)NC)c3)ccc21,CHEMBL470149,68.0,nM
Cn1cc(-c2ccc(-c3cc[nH]n3)cc2)c(-c2ccncc2)n1,CHEMBL498467,68.4,nM
Cn1cc(-c2ccc3c(c2)C(=O)NC3)c(-c2ccncc2)n1,CHEMBL496477,68.4,nM
O=C(Nc1ccc(Oc2ccnc3[nH]nnc23)cc1F)Nc1cc(C(F)(F)F)ccc1F,CHEMBL1213692,69.0,nM
CNC(=O)Nc1ccc(CNc2ncsc2C(=O)Nc2ccc3c(c2)OC(F)(F)O3)cn1,CHEMBL247250,69.0,nM
Cn1cc(-c2ccc3cn[nH]c3c2)c(-c2ccncc2)n1,CHEMBL521732,70.0,nM
COc1cccc(-c2c(-c3ccncc3)nn3c(C4CC5CCC(C4)N5)ccnc23)c1,CHEMBL569735,70.8,nM
CC(=O)CN1C2CCC1CC(c1ccnc3c(-c4cccc5[nH]ncc45)c(-c4ccncc4)nn13)C2,CHEMBL571971,75.9,nM
O=C(Nc1ccc(Oc2ccnc3ncc(=O)[nH]c23)cc1F)Nc1cc(C(F)(F)F)ccc1F,CHEMBL1214613,76.0,nM
C#CC(C)(C)c1cc(N=C(C)C)cc(C(=O)Nc2ccc(C)c(C(=O)Nc3cccnc3)c2)c1,CHEMBL475818,76.0,nM
Cc1ccc(NC(=O)c2cccc(C(C)(C)C#N)c2)cc1C(=O)Nc1ccc(N2CCOCC2)nc1,CHEMBL514026,79.0,nM
CCn1cc(-c2ccnc3[nH]cc(Br)c23)c(-c2cccc(NC(=O)Nc3ccccc3)c2)n1,CHEMBL456351,79.4,nM
COc1cc(N2CCC(N3CCN(S(C)(=O)=O)CC3)CC2)ccc1Nc1nccc(-c2c(-c3cccc(C(=O)Nc4c(F)cccc4F)c3)nc3ccccn23)n1,CHEMBL507714,80.0,nM
O=C(Nc1cccc(-c2ncnc3sc(-c4ccncc4)cc23)c1)c1cccc(C(F)(F)F)c1,CHEMBL1090143,80.0,nM
CC(C)(C)NC(=O)NCCNc1nccc(-c2[nH]c(C3CC3)nc2-c2ccccc2Cl)n1,CHEMBL257986,83.0,nM
O=C(Nc1cccc(-c2ccnc3c(-c4cn[nH]c4)cnn23)c1)c1cccc(C(F)(F)F)c1,CHEMBL1081470,84.0,nM
O=c1[nH]c2nccc(Oc3ccc(NC(=S)Nc4ccc(Cl)c(C(F)(F)F)c4)cc3)c2[nH]1,CHEMBL489228,85.0,nM
CCOC(=O)N1C2CCC1CC(c1ccnc3c(-c4cccc(OC)c4)c(-c4ccncc4)nn13)C2,CHEMBL571557,87.0,nM
CNC(=O)c1cc(Oc2ccc3c(c2)nc(Nc2ccc(C(F)(F)F)cc2)n3C)ccn1,CHEMBL470591,88.0,nM
Cc1ccc(-n2nc(C(C)(C)C)cc2NC(=O)Nc2ccc(Oc3ccnc4[nH]c(=O)c(=O)[nH]c34)cc2F)cc1,CHEMBL1212951,90.0,nM
CCNC(=O)Nc1cc(CNc2ccccc2C(=O)Nc2ccc3c(c2)OC(F)(F)O3)ccn1,CHEMBL247793,90.0,nM
COc1ccc(NC(=O)c2cccc(C(F)(F)F)c2)cc1-c1ccnc2c(-c3cn[nH]c3)cnn12,CHEMBL1080437,98.0,nM
O=C(Nc1cccc(-c2ccnc3cc(N4CCOCC4)nn23)c1)c1cccc(C(F)(F)F)c1,CHEMBL1093105,99.0,nM
CNc1cc(CNc2ccccc2C(=O)Nc2ccc3c(c2)OC(F)(F)O3)ccn1,CHEMBL399534,100.0,nM
O=C(Nc1ccc(Oc2ccnc3[nH]c(=O)[nH]c23)cc1)Nc1cc(Cl)cc(C(F)(F)F)c1,CHEMBL515938,100.0,nM
Cn1cncc1-c1cc2nccc(-c3cccc(NC(=O)c4cccc(C(F)(F)F)c4)c3)n2n1,CHEMBL1088768,100.0,nM
NC(=S)c1cc(CNc2ccccc2C(=O)Nc2ccc3c(c2)OC(F)(F)O3)ccn1,CHEMBL248258,100.0,nM
Cn1c(=O)[nH]c2nccc(Oc3ccc(NC(=O)Nc4cc(C(C)(C)C)nn4-c4cccnc4)c4ccccc34)c21,CHEMBL1090978,100.0,nM
O=C(Nc1ccc2c(c1)OC(F)(F)O2)c1ccccc1NCc1ccnc(NCCCn2ccnc2)c1,CHEMBL247424,101.0,nM
CC(C)(C)c1cc(NC(=O)Nc2ccc(Oc3ccnc4[nH]c(=O)[nH]c34)cc2)n(-c2ccc(F)cc2F)n1,CHEMBL1089705,104.0,nM
COCCNc1cc(CNc2ccccc2C(=O)Nc2ccc3c(c2)OC(F)(F)O3)ccn1,CHEMBL248860,104.0,nM
NC(=O)c1cccc(Nc2nccc(-c3[nH]c(C(F)(F)F)nc3-c3cccc(NC(=O)Cc4ccc(Cl)cc4)c3)n2)c1,CHEMBL256775,108.0,nM
O=C(Nc1cccc(-c2ccnc3cc(-c4ccnc(NCCCN5CCCC5=O)c4)nn23)c1)c1cccc(C(F)(F)F)c1,CHEMBL1091688,110.0,nM
Cc1ccc(-n2nc(C(C)(C)C)cc2NC(=O)Nc2ccc(Oc3ccnc4[nH]c(=O)[nH]c34)cc2F)cc1,CHEMBL1091849,110.0,nM
O=C(Nc1cccc(-c2ccnc3cc(-c4ccnc(NCCCN5CCCC5)c4)nn23)c1)c1cccc(C(F)(F)F)c1,CHEMBL1091687,110.0,nM
N#Cc1cc(CNc2ccccc2C(=O)Nc2ccc3c(c2)OC(F)(F)O3)ccn1,CHEMBL248257,110.0,nM
CCn1cc(-c2ccnc3[nH]ccc23)c(-c2cccc(NC(=O)Nc3ccc(OCc4ccccc4)cc3)c2)n1,CHEMBL505187,110.0,nM
CNc1cc(-c2cccnc2Nc2c(C)ccc3c(Nc4ccc5sc(C)nc5c4)nccc23)ncn1,CHEMBL570573,110.0,nM
O=C(Nc1ccc2c(c1)OC(F)(F)O2)c1ccccc1NCc1ccnc(NCCO)c1,CHEMBL398052,112.0,nM
Nc1ccc(-c2cnn3c(-c4cccc(NC(=O)c5cccc(C(F)(F)F)c5)c4)ccnc23)cn1,CHEMBL1087780,112.0,nM
O=C(Nc1cccc(-c2ccnc3c(-c4cccnc4)cnn23)c1)c1cccc(C(F)(F)F)c1,CHEMBL1087523,113.0,nM
COc1ccc(C(=O)Nc2ccc(C)c(C(=O)Nc3cccnc3)c2)cc1,CHEMBL475864,115.0,nM
COc1ccc(NC(=O)c2cc(NC(=O)c3cccc(C(C)(C)C#N)c3)ccc2C)cn1,CHEMBL475044,116.0,nM
CN(C)Cc1ccccc1-c1cnn2c(-c3cccc(NC(=O)c4cccc(C(F)(F)F)c4)c3)ccnc12,CHEMBL1087893,117.0,nM
CCNC(=O)Nc1ccc(CNc2ncsc2C(=O)Nc2ccc3c(c2)OC(F)(F)O3)cn1,CHEMBL247798,122.0,nM
CC(C)(C)c1cc(NC(=O)Nc2cccc(Oc3cccc4[nH]c(=O)[nH]c34)c2)n(-c2ccc(F)cc2)n1,CHEMBL597593,123.0,nM
O=C(Nc1cccc(Oc2cccc3[nH]c(=O)[nH]c23)c1)c1ccc(Cl)c(C(F)(F)F)c1,CHEMBL606415,124.0,nM
CC(C)(C)c1cc(NC(=O)Nc2ccc(Oc3ccnc4[nH]c(=O)[nH]c34)cc2)n(-c2ccc(F)cc2)n1,CHEMBL1089003,124.0,nM
Cc1ccc(-n2nc(C(C)(C)C)cc2NC(=O)Nc2cccc(Oc3cccc4[nH]c(=O)[nH]c34)c2)cc1,CHEMBL606192,128.0,nM
O=C(Nc1cccc(-c2ccnc3cc(-c4ccnc(NCCCN5CCOCC5)c4)nn23)c1)c1cccc(C(F)(F)F)c1,CHEMBL1091685,130.0,nM
Cn1c(=O)[nH]c2c(Oc3ccc(NC(=O)Nc4cc(C(C)(C)C)nn4-c4ccccc4)cc3)ccnc21,CHEMBL1092771,130.0,nM
CNC(=O)c1cc(Oc2ccc3c(c2)nc(Nc2ccccc2)n3C)ccn1,CHEMBL471408,130.0,nM
O=C(Nc1cc(C(F)(F)F)ccc1F)Nc1ccc(Oc2ccnc3[nH]c(=O)c(C(F)(F)F)nc23)c2ccccc12,CHEMBL1214130,134.0,nM
Cn1c(=O)[nH]c2nccc(Oc3ccc(NC(=O)Nc4cc(C(C)(C)C)nn4-c4ccc(F)cc4)cc3)c21,CHEMBL1093704,135.0,nM
CC(C)(C)c1cc(NC(=O)Nc2ccc(Oc3ccnc4[nH]c(=O)[nH]c34)cc2F)n(-c2ccccc2)n1,CHEMBL1090449,135.0,nM
CCN(CC)CCNC(=O)c1cc(CNc2ccccc2C(=O)Nc2ccc3c(c2)OC(F)(F)O3)ccn1,CHEMBL248227,138.0,nM
CNc1nccc(-c2[nH]c(C3CC3)nc2-c2cccc(NS(=O)(=O)Cc3ccc(Cl)c(Cl)c3)c2)n1,CHEMBL402029,138.0,nM
COCCOCC(=O)Nc1ccc(-c2cnn3c(-c4cccc(NC(=O)c5cccc(C(F)(F)F)c5)c4)ccnc23)cc1,CHEMBL1076439,139.0,nM
CNC(=O)c1cc(Oc2ccc3c(c2)nc(Nc2ccc(C(C)(C)C)cc2)n3C)ccn1,CHEMBL511836,140.0,nM
CC(C)(C)c1cc(NC(=O)Nc2ccc(Oc3ccnc4[nH]c(=O)[nH]c34)cc2)n(-c2ccc(Cl)cc2)n1,CHEMBL1092464,140.0,nM
CNC(=O)c1cc(Oc2ccc3c(c2)nc(NCC2CCCCC2)n3C)ccn1,CHEMBL472652,140.0,nM
O=C1NCCN1CCNc1nccc(-c2[nH]c(C3CC3)nc2-c2cccc(NS(=O)(=O)Cc3ccc(Cl)c(Cl)c3)c2)n1,CHEMBL255497,141.0,nM
O=C(Nc1ccc2c(c1)OC(F)(F)O2)c1ccccc1NCc1ccnc(NCCCO)c1,CHEMBL395700,142.0,nM
Cc1ccc(-n2nc(C(C)(C)C)cc2NC(=O)Nc2ccc(Oc3ccnc4[nH]c(=O)[nH]c34)cc2)cc1,CHEMBL1092817,142.0,nM
Cn1c(=O)[nH]c2nccc(Oc3ccc(NC(=O)Nc4cc(C5CC5)nn4-c4ccccc4)cc3)c21,CHEMBL1093065,143.0,nM
O=C(Nc1ccc2c(c1)OC(F)(F)O2)c1ccccc1NCc1ccnc(NCCc2cnc[nH]2)c1,CHEMBL247792,146.0,nM
CCOC(=O)N1C2CCC1CC(c1ccnc3c(-c4ccc(-c5nnco5)cc4)c(-c4ccncc4)nn13)C2,CHEMBL583340,151.0,nM
O=C(Nc1ccc2c(c1)OC(F)(F)O2)c1ccccc1NCc1ccnc(C2=NCCN2)c1,CHEMBL400308,153.0,nM
CNC(=O)Nc1ccc(CNc2c(C(=O)Nc3ccc(SC(F)(F)F)cc3)cnn2C)cn1,CHEMBL247797,154.0,nM
Cn1c(=O)[nH]c2c(Oc3ccc(NC(=O)Nc4ccc(Cl)c(C(F)(F)F)c4)c4ccccc34)ccnc21,CHEMBL487719,156.0,nM
COCCCNc1cc(CNc2ccccc2C(=O)Nc2ccc3c(c2)OC(F)(F)O3)ccn1,CHEMBL247591,156.0,nM
O=C(Nc1cccc(-c2ccnc3cc(-c4ccnc(NCCN5CCOCC5)c4)nn23)c1)c1cccc(C(F)(F)F)c1,CHEMBL1091684,160.0,nM
O=C(Nc1cccc(-c2ccnc3c(C(=O)NCCN4CCOCC4)cnn23)c1)Nc1ccc(Cl)c(C(F)(F)F)c1,CHEMBL541201,160.0,nM
Cn1c(=O)[nH]c2nccc(Oc3ccc(NC(=O)Nc4cccc(C(C)(C)C)c4)cc3)c21,CHEMBL490841,163.0,nM
Cn1c(=O)[nH]c2nccc(Oc3ccc(NC(=O)Nc4cc(C(C)(C)C)nn4-c4ccccc4)cc3)c21,CHEMBL1093364,164.0,nM
O=C(Nc1ccc2c(c1)OC(F)(F)O2)c1ccccc1NCc1ccnc(NCCOCCO)c1,CHEMBL247423,165.0,nM
Cn1c(=O)[nH]c2c(Oc3ccc(NC(=O)Nc4cc(C(F)(F)F)ccc4F)c4ccccc34)ccnc21,CHEMBL489856,167.0,nM
Nc1nc2nccc(Oc3ccc(NC(=O)Nc4cc(C(F)(F)F)ccc4F)c(F)c3)c2[nH]c1=O,CHEMBL1213690,168.0,nM
CCN(CC)CCNC(=O)c1cnn2c(-c3cccc(NC(=O)Nc4ccc(Cl)c(C(F)(F)F)c4)c3)ccnc12,CHEMBL562168,170.0,nM
O=C(Nc1ccc(Oc2ccnc3[nH]c(=O)[nH]c23)cc1)Nc1nnc(C2CCCO2)s1,CHEMBL1089691,170.0,nM
CCn1cc(-c2ccnc3[nH]ccc23)c(-c2cccc(NC(=O)NCc3ccccc3)c2)n1,CHEMBL496265,170.0,nM
CCN(CC)CCCNC(=O)c1cc(CNc2ccccc2C(=O)Nc2ccc3c(c2)OC(F)(F)O3)ccn1,CHEMBL248397,175.0,nM
Cc1ccc(-n2nc(C(F)(F)F)cc2NC(=O)Nc2ccc(Oc3ccnc4[nH]c(=O)n(C)c34)cc2)cc1,CHEMBL1093064,176.0,nM
Oc1c(Br)cc(C=C2c3cc(I)ccc3NC2O)cc1Br,CHEMBL1794051,190.0,nM
CC(C)(C)c1cc(NC(=O)Nc2ccc(Oc3ccnc4[nH]c(=O)c(=O)[nH]c34)cc2F)n(-c2ccccc2)n1,CHEMBL1213885,190.0,nM
CNC(=O)Nc1ccc(CNc2c(C(=O)Nc3ccc4c(c3)OC(F)(F)C(F)(F)O4)cnn2C)cn1,CHEMBL247619,191.0,nM
CNC(=O)c1cc(CNc2ncsc2C(=O)Nc2ccc3c(c2)OC(F)(F)C(F)(F)O3)ccn1,CHEMBL247434,192.0,nM
O=C(NC1CC1)c1cc(CNc2ccccc2C(=O)Nc2ccc3c(c2)OC(F)(F)O3)ccn1,CHEMBL248398,192.0,nM
Cn1nc(C(C)(C)C)cc1NC(=O)Nc1ccc(Oc2ccnc3c2[nH]c(=O)n3C)c2ccccc12,CHEMBL1091039,197.0,nM
CNC(=O)c1cc(CNc2c(C(=O)Nc3ccc4c(c3)OC(F)(F)O4)cnn2C)ccn1,CHEMBL247435,199.0,nM
Cc1ccc(-n2nc(C(C)(C)C)cc2NC(=O)Nc2ccc(Oc3ccnc4[nH]c(=O)n(C)c34)cc2)cc1,CHEMBL1089347,202.0,nM
CC(C)(C)c1cc(NC(=O)Nc2ccc(Oc3ccnc4[nH]c(=O)[nH]c34)c3ccccc23)n(-c2ccc(F)cc2)n1,CHEMBL1090290,203.0,nM
Cc1ccc(NC(=O)c2cccc(C(C)(C)C#N)c2)cc1C(=O)Nc1ccc(C#N)nc1,CHEMBL482577,205.0,nM
CC(C)(C)c1cc(NC(=O)Nc2ccc(Oc3ccnc4[nH]c(=O)[nH]c34)cc2)n(-c2ccccn2)n1,CHEMBL1089704,210.0,nM
O=C(Nc1cc(C(F)(F)F)ccc1F)Nc1ccc(Oc2ccnc3[nH]c(=O)[nH]c23)c2ccccc12,CHEMBL498112,214.0,nM
O=C(Nc1cccc(F)c1)Nc1ccc(Oc2ccnc3[nH]c(=O)[nH]c23)c2ccccc12,CHEMBL526838,214.0,nM
CC(C)(C)c1cc(NC(=O)Nc2ccc(Sc3ccnc4[nH]c(=O)[nH]c34)cc2)n(-c2ccccc2)n1,CHEMBL1090705,215.0,nM
CCN1CCN(Cc2cc(-c3cnn4c(-c5cccc(NC(=O)c6cccc(C(F)(F)F)c6)c5)ccnc34)co2)CC1,CHEMBL1076541,219.0,nM
CS(=O)(=O)CCNC(=O)c1cc(CNc2ccccc2C(=O)Nc2ccc3c(c2)OC(F)(F)O3)ccn1,CHEMBL245804,221.0,nM
Cc1ccc(NC(=O)c2cccc(N(C)C)c2)cc1NC(=O)c1ccc(O)cc1,CHEMBL186526,230.0,nM
O=C(NCc1ccccc1)Nc1cc(CNc2ccccc2C(=O)Nc2ccc3c(c2)OC(F)(F)O3)ccn1,CHEMBL395705,232.0,nM
Cc1ccc(NC(=O)c2cccc(C#N)c2)cc1C(=O)Nc1cccnc1,CHEMBL480390,237.0,nM
CCOC(=O)c1cnn2c(-c3cccc(NC(=O)Nc4ccc(F)c(C(F)(F)F)c4)c3)ccnc12,CHEMBL561243,240.0,nM
O=C(Nc1cccc(OC(F)(F)C(F)F)c1)c1cccc(Oc2cccc3[nH]c(=O)[nH]c23)c1,CHEMBL599437,240.0,nM
Cc1ccc(-n2nc(C(C)(C)C)cc2NC(=O)Nc2ccc(Oc3ccnc4[nH]c(=O)cnc34)cc2)cc1,CHEMBL1213823,252.0,nM
Cc1nc2nccc(Oc3ccc(NC(=O)Nc4cc(C(F)(F)F)ccc4F)c(F)c3)c2[nH]c1=O,CHEMBL1214615,258.0,nM
Cn1nc(C(C)(C)C)cc1NC(=O)Nc1ccc(Oc2ccnc3c2[nH]c(=O)n3C)cc1,CHEMBL1092770,258.0,nM
CNc1ncc2cc(-c3c(C)ccc4c(Nc5ccc(Cl)cc5)nccc34)ccc2n1,CHEMBL576787,270.0,nM
COCCCNC(=O)c1cnn2c(-c3cccc(NC(=O)Nc4ccc(Cl)c(C(F)(F)F)c4)c3)ccnc12,CHEMBL558490,270.0,nM
NC(=O)c1cccc(Nc2nccc(-c3[nH]c(C4CC4)nc3-c3cccc(NS(=O)(=O)Cc4ccc(Cl)c(Cl)c4)c3)n2)c1,CHEMBL402424,274.0,nM
Nc1cc(CNc2ccccc2C(=O)Nc2ccc3c(c2)OC(F)(F)O3)ccn1,CHEMBL400109,274.0,nM
CNC(=O)c1cc(Oc2ccc3nc(Nc4ccc(Cl)c(C(F)(F)F)c4)[nH]c3c2)ccn1,CHEMBL394826,280.0,nM
Cc1cc(NC(=O)Nc2ccc(Oc3ccnc4[nH]c(=O)[nH]c34)cc2)n(-c2ccc(Cl)cc2)n1,CHEMBL1092465,290.0,nM
CNC(=O)c1cc(Oc2ccc3[nH]c(Nc4cccc(C(F)(F)F)c4)nc3c2)ccn1,CHEMBL511669,300.0,nM
CCOC(=O)N1C2CCC1CC(c1ccnc3c(-c4ccc(F)c(F)c4)c(-c4ccncc4)nn13)C2,CHEMBL571558,302.0,nM
CCn1c(=O)n(CC)c2c(Oc3ccc(NC(=O)Nc4ccc(Cl)c(C(F)(F)F)c4)cc3)ccnc21,CHEMBL521951,305.0,nM
CN(C)c1ccc(-c2cnn3c(-c4cccc(NC(=O)c5cccc(C(F)(F)F)c5)c4)ccnc23)cc1,CHEMBL1080269,308.0,nM
CC(=O)Nc1ccc(Oc2cncc(Nc3cccc(-c4cnco4)c3)n2)c2ccccc12,CHEMBL443770,310.0,nM
Cn1c(=O)[nH]c2nccc(Oc3ccc(NC(=O)Nc4cc(C(C)(C)C)nn4-c4ccc(F)cc4)c4ccccc34)c21,CHEMBL1090976,313.0,nM
CN(C)CCc1ccccc1-c1cnn2c(-c3cccc(NC(=O)c4cccc(C(F)(F)F)c4)c3)ccnc12,CHEMBL1088162,318.0,nM
CCc1cc(Nc2nccc(-c3c(-c4cccc(C(=O)Nc5c(F)cccc5F)c4)nc4ccccn34)n2)c(OC)cc1N1CCC(N2CCN(S(C)(=O)=O)CC2)CC1,CHEMBL448929,320.0,nM
Cc1ccc(-n2nc(C(C)(C)C)cc2NC(=O)Nc2ccc(Oc3ccnc4[nH]c(=O)c(N)nc34)cc2F)cc1,CHEMBL1213886,320.0,nM
Cc1ccc(NC(=O)c2cccc(F)c2)cc1C(=O)Nc1cccnc1,CHEMBL511661,322.0,nM
O=C(Nc1cccc(-c2ccnc3c(-c4ccoc4)cnn23)c1)c1cccc(C(F)(F)F)c1,CHEMBL1081817,326.0,nM
CCn1cc(-c2ccnc3[nH]ccc23)c(-c2cccc(NC(=S)Nc3ccccc3)c2)n1,CHEMBL524635,331.0,nM
CCNC(=O)c1cc(CNc2ccccc2C(=O)Nc2ccc3c(c2)OC(F)(F)O3)ccn1,CHEMBL248226,333.0,nM
Oc1ccc(-c2[nH]c(-c3ccccc3)nc2-c2ccncc2)cc1,CHEMBL68215,339.0,nM
CN(C)c1nccc(CNc2ccccc2C(=O)Nc2ccc3c(c2)OC(F)(F)O3)n1,CHEMBL400057,349.0,nM
CCOC(=O)c1cnn2c(-c3cccc(NC(=O)Nc4ccc(Cl)c(C(F)(F)F)c4)c3)ccnc12,CHEMBL564895,360.0,nM
CCOC(=O)c1cnn2c(-c3cccc(NC(=O)Nc4ccc(C)c(C(F)(F)F)c4)c3)ccnc12,CHEMBL551905,360.0,nM
O=C(Nc1cccc(-c2ccnc3c(-c4coc(CN5CCCC5)c4)cnn23)c1)c1cccc(C(F)(F)F)c1,CHEMBL1081818,362.0,nM
Cn1nc(C(C)(C)C)cc1NC(=O)Nc1ccc(Oc2ccnc3[nH]c(=O)n(C)c23)c2ccccc12,CHEMBL1093757,383.0,nM
Cn1c(=O)[nH]c2nccc(Oc3ccc(NC(=O)Nc4cc(C(C)(C)C)nn4-c4cccnc4)cc3)c21,CHEMBL1089014,390.0,nM
O=C(Nc1cccc(-c2ccnc3c(-c4cnn(CCN5CCCC5)c4)cnn23)c1)c1cccc(C(F)(F)F)c1,CHEMBL1081647,393.0,nM
O=C(NCCO)c1cc(CNc2ccccc2C(=O)Nc2ccc3c(c2)OC(F)(F)O3)ccn1,CHEMBL246608,397.0,nM
Cc1ccc(-n2nc(C(F)(F)F)cc2NC(=O)Nc2cccc(Oc3cccc4[nH]c(=O)[nH]c34)c2)cc1,CHEMBL599851,400.0,nM
COc1cc(Nc2cncc(Oc3cccc4c(NC(C)=O)cccc34)n2)cc(OC)c1OC,CHEMBL524507,410.0,nM
COC(=O)c1cnn2c(-c3cccc(NC(=O)c4cccc(C(F)(F)F)c4)c3)ccnc12,CHEMBL549476,410.0,nM
Cn1c(=O)[nH]c2c(Oc3ccc(NC(=O)Nc4cccc(C(C)(C)C)c4)c4ccccc34)ccnc21,CHEMBL523907,430.0,nM
Cn1cc(-c2ccc3c(c2)CC/C3=N\O)c(-c2cccnc2)n1,CHEMBL521731,433.8,nM
CC(=O)Nc1cccc(-c2cncc(Nc3ccc4c(c3)C(=O)OC4)n2)c1,CHEMBL199811,490.0,nM
COCCNC(=O)c1cc(CNc2ccccc2C(=O)Nc2ccc3c(c2)OC(F)(F)O3)ccn1,CHEMBL245805,497.0,nM
CCOC(=O)c1cnn2c(-c3cccc(NC(=O)c4ccc(C)c(C(F)(F)F)c4)c3)ccnc12,CHEMBL549823,500.0,nM
CNC(=O)c1cc(Oc2ccc3nc(Nc4ccc(Br)cc4)n(C)c3c2)ccn1,CHEMBL520236,500.0,nM
Cc1ccc(-n2nc(C(C)(C)C)cc2NC(=O)Nc2ccc(Oc3ccnc4c3[nH]c(=O)n4C)cc2F)cn1,CHEMBL1092183,530.0,nM
CCOC(=O)c1cnn2c(-c3cccc(NC(=O)Nc4cccc(C(F)(F)F)c4)c3)ccnc12,CHEMBL560642,540.0,nM
Cc1cccc(C)c1-n1c(=O)c2cnc(Nc3ccc(N4CCN(C)CC4)cc3)nc2n2c3ccccc3nc12,CHEMBL410295,540.0,nM
O=C(Nc1cccc(-c2ncnc3cc(-c4ccncc4)sc23)c1)c1cccc(C(F)(F)F)c1,CHEMBL1090804,540.0,nM
O=C(Nc1cccc(-c2ccnc3c(C#CCCCN4CCOCC4)cnn23)c1)c1cccc(C(F)(F)F)c1,CHEMBL1080656,552.0,nM
COc1cc(Nc2cncc(Oc3ccc(NC(C)=O)c4ccccc34)n2)cc(OC)c1OC,CHEMBL483298,560.0,nM
Cc1ccc(NC(=O)c2cccc(C(F)(F)F)c2)cc1NC(=O)c1ccccn1,CHEMBL482304,580.0,nM
CS(=O)(=O)Nc1cc(CNc2ccccc2C(=O)Nc2ccc3c(c2)OC(F)(F)O3)ccn1,CHEMBL246423,594.0,nM
O=C(Nc1ccc(Oc2ccnc3[nH]c(=O)[nH]c23)cc1)Nc1cc(F)cc(N2CCOCC2)c1,CHEMBL483048,600.0,nM
O=c1[nH]c2cccc(Oc3cccc(NS(=O)(=O)c4cc(C(F)(F)F)cc(Cl)c4F)c3)c2[nH]1,CHEMBL599441,620.0,nM
CC(C)(C)c1cc(NC(=O)Nc2ccc(Oc3ccnc4[nH]c(=O)[nH]c34)cc2)n(-c2ccccc2)n1,CHEMBL1092522,620.0,nM
Cc1ccc(NC(=O)c2cccc(C(F)(F)F)c2)cc1NC(=O)c1cncnc1,CHEMBL498905,625.0,nM
CC(=O)Nc1cccc2c(Oc3cncc(Nc4cccc(-c5cnco5)c4)n3)cccc12,CHEMBL501718,650.0,nM
O=C(Nc1cccc(-c2ccnc3cc(-c4ccncc4)nn23)c1)c1ccc(Cl)c(Cl)c1,CHEMBL1090082,660.0,nM
CN(C)Cc1nc2c(Oc3ccc(NC(=O)Nc4cc(C(F)(F)F)ccc4F)c(F)c3)ccnc2[nH]1,CHEMBL1213755,730.0,nM
CN1CCN(CCCC#Cc2cnn3c(-c4cccc(NC(=O)c5cccc(C(F)(F)F)c5)c4)ccnc23)CC1,CHEMBL1080268,842.0,nM
O=c1[nH]c2nccc(Oc3ccc(NS(=O)(=O)c4ccccc4)cc3)c2[nH]1,CHEMBL522263,850.0,nM
O=c1[nH]c2cccc(Oc3ccc(NS(=O)(=O)c4ccccc4)cc3)c2[nH]1,CHEMBL599860,850.0,nM
O=C(Nc1ccc(Oc2ccnc3[nH]c(=O)[nH]c23)cc1)Nc1cc(C(F)(F)F)ccc1N1CCOCC1,CHEMBL521337,860.0,nM
CC(C)(C)c1nc(-c2ccc(F)cc2)c(-c2ccncc2)[nH]1,CHEMBL371694,900.0,nM
O=C(Nc1cccc(-c2ccnc3c(-c4cnc(N5CCOCC5)nc4)cnn23)c1)c1cccc(C(F)(F)F)c1,CHEMBL1087906,941.0,nM
CC(=O)Nc1cccc(-c2cncc(Nc3cc(Cl)nc(Cl)c3)n2)c1,CHEMBL199948,950.0,nM
Cn1cc(-c2ccc3c(c2)CC/C3=N\O)c(-c2ccc3c(cnn3C)c2)n1,CHEMBL526671,969.6,nM
CCOC(=O)N1C2CCC1CC(c1ccnc3c(-c4cccc5[nH]c(=O)[nH]c45)c(-c4ccncc4)nn13)C2,CHEMBL569534,1000.0,nM
O=C(Nc1cccc(Oc2cccc3[nH]c(=O)[nH]c23)c1)c1ccnc(N2CCSCC2)c1,CHEMBL598651,1000.0,nM
CCOC(=O)N1C2CCC1CC(c1ccnc3c(-c4ccc5c(c4)NC(=O)C5)c(-c4ccncc4)nn13)C2,CHEMBL568856,1000.0,nM
CCOC(=O)N1C2CCC1CC(c1ccnc3c(-c4cccc5[nH]ccc45)c(-c4ccncc4)nn13)C2,CHEMBL570416,1000.0,nM
COCCCNC(=O)c1cc(CNc2ccccc2C(=O)Nc2ccc3c(c2)OC(F)(F)O3)ccn1,CHEMBL247030,1030.0,nM
CCOC(=O)c1cnn2c(-c3cccc(NC(=O)c4ccc(OC)c(C(F)(F)F)c4)c3)ccnc12,CHEMBL549824,1030.0,nM
Cn1c(=O)[nH]c2nccc(Oc3ccc(NC(=O)Nc4cccc(C(C)(C)C)c4)c4ccccc34)c21,CHEMBL496081,1060.0,nM
CC(C)(C)c1cc(NC(=O)c2cccc(Oc3cccc4[nH]c(=O)[nH]c34)c2)n(-c2ccccc2)n1,CHEMBL598626,1090.0,nM
Cn1c(=O)n(C)c2c(Oc3ccc(NC(=O)Nc4cc(C(C)(C)C)nn4-c4ccccc4)c(F)c3)ccnc21,CHEMBL1092188,1090.0,nM
O=C(Nc1cccc(-c2ccnc3cc(-c4ccncc4)nn23)c1)c1cccc(Cl)c1,CHEMBL1089751,1100.0,nM
O=C(Nc1cccc(-c2ncnc3sc(-c4cccnc4)cc23)c1)c1cccc(C(F)(F)F)c1,CHEMBL1093588,1110.0,nM
O=C(Nc1cccc(Oc2cccc3[nH]c(=O)[nH]c23)c1)Nc1ccc(F)c(F)c1,CHEMBL591265,1120.0,nM
COc1cc(Nc2cncc(-c3ccc(C(N)=O)cc3)n2)cc(OC)c1OC,CHEMBL484307,1120.0,nM
Cc1ccc(-n2nc(C(C)(C)C)cc2NC(=O)Nc2ccc(Oc3ccnc4c3n(C)c(=O)n4C)cc2F)cc1,CHEMBL1092540,1130.0,nM
COc1cc(Nc2cncc(-c3ccc(NC(=O)Nc4ccccc4)cc3)n2)cc(OC)c1OC,CHEMBL484106,1160.0,nM
CC(C)(C)c1cc(NC(=O)Nc2ccc(Oc3ccnc4[nH]c(=O)[nH]c34)cc2)n(C(C)(C)C)n1,CHEMBL1089349,1190.0,nM
Cc1ccc(-n2nc(C(C)(C)C)cc2NC(=O)Nc2ccc(Oc3ccnc4c3[nH]c(=O)n4C)cc2)cc1,CHEMBL1091430,1190.0,nM
Cc1ccc(NC(=O)c2cccc(C(F)(F)F)c2)cc1NC(=O)c1cnccn1,CHEMBL480184,1200.0,nM
N=C(N)SCCCn1c(=O)c2c(c1=O)n1c3ccccc3cc1c1cccc3ccn2c31,CHEMBL489083,1200.0,nM
COc1cc(Nc2cncc(Oc3cccc4ccccc34)n2)cc(OC)c1OC,CHEMBL484320,1200.0,nM
CNC(=O)c1cc(CNc2ncsc2C(=O)Nc2ccc3c(c2)OC(F)(F)O3)ccn1,CHEMBL247248,1240.0,nM
O=C(Nc1cc(F)cc(C(F)(F)F)c1)Nc1ccc(Oc2ccnc3[nH]c(=O)[nH]c23)cc1F,CHEMBL496612,1290.0,nM
COc1ccc(Nc2cncc(-c3cccc(NC(C)=O)c3)n2)cc1OC,CHEMBL203093,1300.0,nM
CNC(=O)c1cc(Oc2ccc3[nH]c(Nc4cccc(Br)c4)nc3c2)ccn1,CHEMBL519065,1300.0,nM
CC(C)(C)c1cc(NC(=O)Nc2cccc(Oc3cccc4[nH]c(=O)[nH]c34)c2)n(-c2ccccc2)n1,CHEMBL597592,1330.0,nM
O=C(Nc1ccc(Cl)c(C(F)(F)F)c1)Nc1ccc(Oc2ccnc3[nH]c(=O)[nH]c23)cc1Cl,CHEMBL498025,1330.0,nM
COc1cc(Nc2cncc(Oc3cccc4c3CC/C4=N\O)n2)cc(OC)c1OC,CHEMBL484096,1400.0,nM
CC(=O)Nc1cccc(-c2cncc(Nc3cccc(Cl)c3)n2)c1,CHEMBL201322,1400.0,nM
O=C(Nc1cccc(-c2ccnc3c(C(=O)OCC(F)(F)F)cnn23)c1)c1cccc(C(F)(F)F)c1,CHEMBL565026,1450.0,nM
Cn1c(=O)[nH]c2nccc(Oc3ccc(NC(=O)Nc4cccc(SC(F)(F)F)c4)c4ccccc34)c21,CHEMBL487718,1460.0,nM
CCOC(=O)c1cnn2c(-c3cccc(NC(=O)c4cccc(C(F)(F)F)c4)c3)ccnc12,CHEMBL565061,1500.0,nM
COc1cc(Nc2cncc(Oc3ccnc4ccccc34)n2)cc(OC)c1OC,CHEMBL518975,1500.0,nM
Cn1c(=O)[nH]c2nccc(Oc3ccc(NC(=O)Nc4ccc(Cl)c(C(F)(F)F)c4)c(F)c3)c21,CHEMBL498458,1570.0,nM
CCOC(=O)c1cnn2c(-c3cccc(NC(=O)c4cccc(OC(F)(F)F)c4)c3)ccnc12,CHEMBL549619,1570.0,nM
OCc1cccc(-c2[nH]c(-c3ccccc3)nc2-c2ccncc2)c1,CHEMBL200259,1585.0,nM
O=C(Nc1cccc(-c2ccnc3cc(-c4cnc[nH]4)nn23)c1)c1cccc(C(F)(F)F)c1,CHEMBL1089411,1600.0,nM
O=c1[nH]c2cccc(Oc3cccc(NS(=O)(=O)c4ccccc4)c3)c2[nH]1,CHEMBL603161,1660.0,nM
Cn1c(=O)n(Cc2ccccc2)c(=O)c2c1nc(SCCO)n2Cc1ccccc1,CHEMBL460137,1720.0,nM
Cc1ccc(-n2nc(C(C)(C)C)cc2NC(=O)Nc2ccc(Oc3ccnc4c3n(C)c(=O)n4C)cc2)cc1,CHEMBL1091431,1800.0,nM
CNC(=O)c1cc(Oc2ccc3c(c2)nc(Nc2ccccc2C(F)(F)F)n3C)ccn1,CHEMBL470799,1900.0,nM
O=C(Nc1cccc(C(F)(F)F)c1)Nc1ccc(Oc2ccnc3[nH]c(=O)[nH]c23)c2ccccc12,CHEMBL523753,1910.0,nM
CC(C)c1cc(NC(=O)Nc2ccc(Oc3ccnc4[nH]c(=O)[nH]c34)cc2)n(-c2ccccc2)n1,CHEMBL1092523,1970.0,nM
CCc1cc(Nc2nccc(-c3c(-c4ccc(OC)c(C(=O)Nc5c(F)cccc5F)c4)nc4ccccn34)n2)c(OC)cc1N1CCC(N2CCN(S(C)(=O)=O)CC2)CC1,CHEMBL466397,2000.0,nM
Cc1ccc(-n2nc(C(C)(C)C)cc2NC(=O)c2cccc(Oc3cccc4[nH]c(=O)[nH]c34)c2)cc1,CHEMBL598004,2050.0,nM
Cn1c(=O)[nH]c(=O)c2c1nc(S)n2Cc1ccc(Cl)cc1,CHEMBL454028,2100.0,nM
O=C(Nc1ccc(Cl)c(C(F)(F)F)c1)Nc1ccc(Oc2ccnc3[nH]c(=O)[nH]c23)cc1F,CHEMBL496020,2170.0,nM
Cc1ccc(-n2nc(C(C)(C)C)cc2NC(=O)Nc2ccc(Sc3ccnc4[nH]c(=O)[nH]c34)cc2)cc1,CHEMBL1090706,2200.0,nM
Cc1ccc(-n2nc(C(C)(C)C)cc2NC(=O)Nc2ccc(Oc3ccnc4[nH]c(=O)n(C)c34)c3ccccc23)cc1,CHEMBL1090979,2280.0,nM
CNC(=O)c1cc(Oc2ccc3[nH]c(Nc4ccccc4Br)nc3c2)ccn1,CHEMBL486943,2400.0,nM
CC(=O)Nc1cccc2c(Oc3cncc(Nc4ccc5c(c4)C(=O)OC5)n3)cccc12,CHEMBL501719,2500.0,nM
O=C(Nc1ccc2c(c1)OC(F)(F)C(F)(F)O2)c1ncsc1NCc1ccncc1,CHEMBL392600,2560.0,nM
CN(C)C(=O)c1cc(Oc2ccc3c(c2)nc(Nc2ccc(Br)cc2)n3C)ccn1,CHEMBL486342,2700.0,nM
COc1cc(Nc2cncc(-c3cccc(NC(C)=O)c3)n2)cc(OC)c1,CHEMBL425577,2700.0,nM
O=C(Nc1cccc(F)c1)Nc1cccc(Oc2cccc3[nH]c(=O)[nH]c23)c1,CHEMBL591264,2750.0,nM
O=C(Nc1ccc(Oc2ccnc3[nH]c(=O)[nH]c23)cc1)Nc1cccc(F)c1,CHEMBL520627,2840.0,nM
COc1cc(Nc2cncc(-c3ccncc3)n2)cc(OC)c1OC,CHEMBL500142,2900.0,nM
COc1cc(Nc2cncc(-c3ccc(C=O)cc3)n2)cc(OC)c1OC,CHEMBL521480,3000.0,nM
CC(=O)Nc1cccc(-c2cncc(Nc3ccc4c(c3)OCCO4)n2)c1,CHEMBL199833,3000.0,nM
Cc1ccc(-n2nc(C(C)(C)C)cc2NC(=O)Nc2ccc(Oc3ccnc4c3[nH]c(=O)n4C)cc2)cc1.O=C(O)CC(O)(CC(=O)O)C(=O)O,CHEMBL1090289,3000.0,nM
CCC(C)(C)c1cccc(C(=O)Nc2cccc(Oc3cccc4[nH]c(=O)[nH]c34)c2)c1,CHEMBL599660,3100.0,nM
CC(=O)Nc1cccc(-c2cncc(Nc3ccc4c(c3)OCCCO4)n2)c1,CHEMBL199281,3300.0,nM
COc1cc(Nc2cncc(-c3cccc(NC(C)=O)c3)n2)cc(OC)c1OC,CHEMBL200114,3500.0,nM
CCOC(=O)c1cnn2c(-c3cccc(NC(=O)Nc4ccc(C(F)(F)F)cc4)c3)ccnc12,CHEMBL562424,3600.0,nM
C/C(Cl)=C\CSc1nc2c(c(=O)[nH]c(=O)n2C)n1CC(O)CCc1ccccc1,CHEMBL461421,3750.0,nM
CC(=O)Nc1cccc(-c2cncc(NCc3ccc4c(c3)OCO4)n2)c1,CHEMBL201576,3800.0,nM
COc1cc(Nc2cncc(Oc3cccc4cnccc34)n2)cc(OC)c1OC,CHEMBL483915,3800.0,nM
CC(=O)Nc1cccc(-c2cncc(Nc3cccc(OCCN)c3)n2)c1,CHEMBL199355,3800.0,nM
Cc1c(NC(=O)Nc2ccc(Cl)c(C(F)(F)F)c2)ccc(Oc2ccnc3[nH]c(=O)[nH]c23)c1C,CHEMBL523905,3900.0,nM
COc1cc(Nc2cncc(-c3cccc(O)c3)n2)cc(OC)c1OC,CHEMBL501736,4000.0,nM
COc1cccc(C(=O)Nc2cccc(-c3ccnc4cc(-c5ccncc5)nn34)c2)c1,CHEMBL1090081,4000.0,nM
COc1cccc(Nc2cncc(-c3cccc(NC(C)=O)c3)n2)c1,CHEMBL373006,4000.0,nM
O=C(Nc1cc(Oc2cccc3[nH]c(=O)[nH]c23)c(F)c(F)c1F)c1cccc(OC(F)(F)F)c1,CHEMBL602123,4050.0,nM
O=C(Nc1cccc(SC(F)(F)F)c1)Nc1ccc(Oc2ccnc3[nH]c(=O)[nH]c23)cc1F,CHEMBL522072,4150.0,nM
CCOC(=O)c1cnn2c(-c3cccc(NC(=O)c4ccc(Cl)c(C(F)(F)F)c4)c3)ccnc12,CHEMBL564192,4270.0,nM
CNC(=O)c1cc(Oc2ccc3c(c2)nc(NC2CCCCC2)n3C)ccn1,CHEMBL472651,4400.0,nM
C/C(=N/Nc1nc2c(c(=O)[nH]c(=O)n2C)n1Cc1ccccc1)c1ccc([N+](=O)[O-])cc1,CHEMBL462473,4600.0,nM
COc1cc(Nc2cncc(Nc3ccncc3)n2)cc(OC)c1OC,CHEMBL484115,4700.0,nM
COc1cc(Nc2cncc(Nc3ccc(O)cc3)n2)cc(OC)c1OC,CHEMBL484317,4900.0,nM
CC(=O)Nc1cccc(-c2cncc(Nc3ccc(OC(F)(F)F)cc3)n2)c1,CHEMBL378600,5200.0,nM
COc1cc(Nc2cncc(Oc3ccc(NC(C)=O)cc3)n2)cc(OC)c1OC,CHEMBL482928,5500.0,nM
CN(C)CCNC(=O)c1cnn2c(-c3cccc(NC(=O)c4cccc(C(F)(F)F)c4)c3)ccnc12,CHEMBL551372,5880.0,nM
N#Cc1cnc2cc(-c3ccncc3)sc2c1-c1cccc(NC(=O)c2cccc(C(F)(F)F)c2)c1,CHEMBL1091543,5940.0,nM
O=C(Nc1cccc(-c2ccnc3cc(N4CCNCC4)nn23)c1)c1cccc(C(F)(F)F)c1,CHEMBL1092827,6200.0,nM
Cc1ccc(-n2nc(C(C)(C)C)cc2NC(=O)Nc2ccc(Oc3ccnc4c3[nH]c(=O)n4C)c3ccccc23)cc1,CHEMBL1090981,6300.0,nM
O=C(Nc1cccc(-c2ccnc3c(C(=O)NCCN4CCOCC4)cnn23)c1)c1cccc(C(F)(F)F)c1,CHEMBL550290,6340.0,nM
O=C(NCCCN1CCOCC1)c1cc(CNc2ccccc2C(=O)Nc2ccc3c(c2)OC(F)(F)O3)ccn1,CHEMBL398872,6830.0,nM
CN(C)CCOC(=O)c1cnn2c(-c3cccc(NC(=O)c4cccc(C(F)(F)F)c4)c3)ccnc12,CHEMBL561969,7070.0,nM
COc1c(NC(=O)Nc2ccc(-c3ccc(CN4CCOCC4)nc3)c3ccccc23)cc(C(C)(C)C)cc1NS(C)(=O)=O,CHEMBL451523,7200.0,nM
COc1cc(Nc2cncc(Oc3cccc4[nH]ccc34)n2)cc(OC)c1OC,CHEMBL483709,7400.0,nM
CNC(=O)c1cc(Oc2ccc3[nH]c(Nc4ccccc4)nc3c2)ccn1,CHEMBL486739,7700.0,nM
CC(C)(C)c1csc(NC(=O)Nc2ccc(Oc3ccnc4[nH]c(=O)[nH]c34)cc2)n1,CHEMBL1089690,7800.0,nM
CNC(=N)SCCCN1C(=O)C2=C(C1=O)n1ccc3cccc(c31)C1Cc3ccccc3N21,CHEMBL447317,8000.0,nM
CC(=O)Nc1cccc(-c2cncc(NCc3cccc(F)c3)n2)c1,CHEMBL440761,8000.0,nM
O=C(Nc1ccc(Cl)c(C(F)(F)F)c1)c1cccc(Oc2cccc3[nH]c(=O)[nH]c23)c1,CHEMBL599235,8200.0,nM
CC(=O)Nc1cccc(-c2cncc(Nc3ccc(S(=O)(=O)N4CCOCC4)cc3)n2)c1,CHEMBL200080,8300.0,nM
CNC(=N)SCCCn1c(=O)c2c(c1=O)n1c3ccccc3cc1c1cccc3ccn2c31,CHEMBL488271,8400.0,nM
CCN1CCN(CC/C=C/c2ccc3c(Nc4ccc(Sc5nccn5C)c(Cl)c4)c(C#N)cnc3c2)CC1,CHEMBL489058,8800.0,nM
CNC(=O)c1cc(Oc2ccc3[nH]c(Nc4ccccc4C(F)(F)F)nc3c2)ccn1,CHEMBL472449,9000.0,nM
COc1cc(Nc2cncc(Sc3cccc4ccccc34)n2)cc(OC)c1OC,CHEMBL482681,9800.0,nM
COc1cc(Nc2cncc(-c3cccc(C#N)c3)n2)cc(OC)c1OC,CHEMBL484107,9800.0,nM
O=C(Cc1cccc(C(F)(F)F)c1)Nc1ccc(Oc2ccnc3[nH]c(=O)[nH]c23)cc1,CHEMBL451006,10000.0,nM
O=C(Cc1cccc(C(F)(F)F)c1)Nc1ccc(Oc2ccnc3[nH]c(=O)[nH]c23)c2ccccc12,CHEMBL521557,10000.0,nM
O=C(Nc1cccc(-c2ccnc3c(C(=O)O)cnn23)c1)c1cccc(C(F)(F)F)c1,CHEMBL561567,10000.0,nM
O=C(Cc1cccc(OC(F)(F)F)c1)Nc1ccc(Oc2ccnc3[nH]c(=O)[nH]c23)cc1,CHEMBL489248,10000.0,nM
O=C(Nc1cccc(-c2ncnc3cc(-c4cccnc4)sc23)c1)c1cccc(C(F)(F)F)c1,CHEMBL1090803,10000.0,nM
O=C(Nc1cccc(-c2ccnc3cc(-c4cccc(C(F)(F)F)c4)nn23)c1)c1cccc(C(F)(F)F)c1,CHEMBL1092538,10000.0,nM
O=C(Nc1cccc(-c2ccnc3cc(-c4cccnc4)nn23)c1)c1cccc(C(F)(F)F)c1,CHEMBL1091500,10000.0,nM
O=c1[nH]c2cccc(Oc3cccc(NS(=O)(=O)Cc4cccc(OC(F)(F)F)c4)c3)c2[nH]1,CHEMBL603679,10000.0,nM
O=c1[nH]c2cccc(Oc3cccc(NS(=O)(=O)Cc4cccc(C(F)(F)F)c4)c3)c2[nH]1,CHEMBL604705,10000.0,nM
O=c1[nH]c2cccc(Oc3cccc(Cc4cccc(OC(F)(F)F)c4)c3)c2[nH]1,CHEMBL603674,10000.0,nM
O=C1NC(=O)c2ccc(I)cc2/C1=C/NCc1ccc(-c2ccoc2)c(O)c1,CHEMBL504547,10000.0,nM
O=C(Nc1cccc(-c2ccnc3cc(-c4cccs4)nn23)c1)c1cccc(C(F)(F)F)c1,CHEMBL1089410,10000.0,nM
CC(=O)Nc1cccc(-c2cncc(Nc3ccc(N4CCOCC4)cc3)n2)c1,CHEMBL383374,10000.0,nM
CC(=O)Nc1cccc(-c2cncc(Nc3ccc4c(c3)OCO4)n2)c1,CHEMBL371958,10000.0,nM
O=C(Nc1cccc(Oc2cccc3[nH]c(=O)[nH]c23)c1)c1cccc(-n2ccnc2)c1,CHEMBL599661,10000.0,nM
O=C(Cc1cccc(OC(F)(F)F)c1)Nc1ccc(Oc2ccnc3[nH]c(=O)[nH]c23)c2ccccc12,CHEMBL496409,10000.0,nM
O=C(Nc1cccc(-c2ccnc3ccnn23)c1)c1cccc(C(F)(F)F)c1,CHEMBL560903,10000.0,nM
c1ccc(-c2cc3ccncc3cc2OC2CCNCC2)cc1,CHEMBL484968,10000.0,nM
Cc1ccc(NC(=O)c2cccc(OC(F)(F)F)c2)cc1Oc1cccc2[nH]c(=O)[nH]c12,CHEMBL596788,10000.0,nM
COc1ccc(-n2cnc3ccc(-c4nnc(SCc5cccc(C#N)c5)o4)cc32)cc1,CHEMBL516640,10000.0,nM
Cc1ccc(Oc2cccc3[nH]c(=O)[nH]c23)cc1NC(=O)c1cccc(OC(F)(F)F)c1,CHEMBL599861,10000.0,nM
COc1cccc(CC(=O)Nc2ccc(Oc3ccnc4[nH]c(=O)[nH]c34)cc2)c1,CHEMBL522581,10000.0,nM
CN(C)S(=O)(=O)c1ccc(-c2cnn3c(-c4cccc(NC(=O)c5cccc(C(F)(F)F)c5)c4)ccnc23)cc1,CHEMBL1080445,10000.0,nM
CCOC(=O)c1cnn2c(-c3cccc(NC(=O)c4ccccc4)c3)ccnc12,CHEMBL559650,10000.0,nM
CNC(=O)c1cnn2c(-c3cccc(NC(=O)c4cccc(C(F)(F)F)c4)c3)ccnc12,CHEMBL551371,10000.0,nM
CCOC(=O)c1cnn2c(-c3cccc(NC(=O)Nc4cc(C(F)(F)F)ccc4Cl)c3)ccnc12,CHEMBL560707,10000.0,nM
CCOC(=O)c1cnn2c(-c3cccc(NC(=O)Nc4cccc(Cl)c4)c3)ccnc12,CHEMBL561043,10000.0,nM
Cc1c(NC(=O)c2cccc(OC(F)(F)F)c2)cccc1Oc1cccc2[nH]c(=O)[nH]c12,CHEMBL599041,10000.0,nM
CCOC(=O)c1cnn2c(-c3cccc(NC(=O)Nc4ccccc4C(F)(F)F)c3)ccnc12,CHEMBL551176,10000.0,nM
CCOC(=O)c1cnn2c(-c3cccc(NC(=O)c4cc(C(F)(F)F)ccc4C)c3)ccnc12,CHEMBL563229,10000.0,nM
CCOC(=O)c1cnn2c(-c3cccc(NC(=O)c4cc(C(F)(F)F)ccc4Cl)c3)ccnc12,CHEMBL551173,10000.0,nM
CCOC(=O)c1cnn2c(-c3cccc(NC(=O)c4ccc(C(F)(F)F)cc4)c3)ccnc12,CHEMBL549822,10000.0,nM
CCOC(=O)c1cnn2c(-c3cccc(NC(=O)c4cccc(Br)c4)c3)ccnc12,CHEMBL554279,10000.0,nM
CN1CCN(c2cc3nccc(-c4cccc(NC(=O)c5cccc(C(F)(F)F)c5)c4)n3n2)CC1,CHEMBL1093104,10000.0,nM
CCOC(=O)c1cnn2c(-c3cccc(NC(=O)c4cccc(C#N)c4)c3)ccnc12,CHEMBL551300,10000.0,nM
COc1ccc(-c2cc3nccc(-c4cccc(NC(=O)c5cccc(C(F)(F)F)c5)c4)n3n2)cc1,CHEMBL1089412,10000.0,nM
COc1cc2c(cc1Cl)C(c1cccc(Cl)c1)=NCC2,CHEMBL1088633,10000.0,nM
N#Cc1cnc2cc(-c3cccnc3)sc2c1-c1cccc(NC(=O)c2cccc(C(F)(F)F)c2)c1,CHEMBL1090144,10000.0,nM
N#Cc1cnc2sc(-c3cccnc3)cc2c1-c1cccc(NC(=O)c2cccc(C(F)(F)F)c2)c1,CHEMBL1091544,10000.0,nM
N#Cc1cnc2sc(-c3ccncc3)cc2c1-c1cccc(NC(=O)c2cccc(C(F)(F)F)c2)c1,CHEMBL1091522,10000.0,nM
N#Cc1cnn2c(-c3cccc(NC(=O)c4cccc(C(F)(F)F)c4)c3)ccnc12,CHEMBL561445,10000.0,nM
NC(=O)c1cnn2c(-c3cccc(NC(=O)c4cccc(C(F)(F)F)c4)c3)ccnc12,CHEMBL564268,10000.0,nM
NCc1ccc(-c2cc3ccncc3cc2OC2CCNCC2)cc1,CHEMBL484967,10000.0,nM
COc1cc2c(cc1Cl)C(c1ccc(Cl)c(Cl)c1)=NCC2,CHEMBL1087421,10000.0,nM
COc1cc(Nc2cncc(Oc3ccccc3-c3ccccc3)n2)cc(OC)c1OC,CHEMBL482718,10000.0,nM
COc1cc(Nc2cncc(Oc3cccc4ncccc34)n2)cc(OC)c1OC,CHEMBL482689,10000.0,nM
CN(C)c1cc(Oc2ccnc3[nH]c(=O)[nH]c23)ccc1NC(=O)Nc1ccc(Cl)c(C(F)(F)F)c1,CHEMBL496184,10000.0,nM
NS(=O)(=O)c1ccc(-c2cc3ccncc3cc2OC2CCNCC2)cc1,CHEMBL519693,10000.0,nM
CCOC(=O)c1cnn2c(-c3cccc(NC(=O)c4cccc(C)c4)c3)ccnc12,CHEMBL562501,10000.0,nM
CCOC(=O)c1cnn2c(-c3cccc(NC(=O)c4cccc(OC)c4)c3)ccnc12,CHEMBL549411,10000.0,nM
CCOC(=O)c1cnn2c(-c3cccc(NC(=O)c4cccc(Cl)c4)c3)ccnc12,CHEMBL559280,10000.0,nM
CC(C)(C)c1cccc(NC(=O)Nc2cccc(Oc3cccc4[nH]c(=O)[nH]c34)c2)c1,CHEMBL599672,10300.0,nM
Cc1ccc(NC(=O)c2cccc(C(F)(F)F)c2)cc1NC(=O)c1cnc2ccccc2n1,CHEMBL520111,10500.0,nM
O=C(Nc1cccc(Oc2cccc3[nH]c(=O)[nH]c23)c1)Nc1ccc(Cl)c(C(F)(F)F)c1,CHEMBL596778,10700.0,nM
CCCn1nc(C(C)(C)C)cc1NC(=O)Nc1ccc(Oc2ccnc3[nH]c(=O)[nH]c23)cc1,CHEMBL1089348,10800.0,nM
C/C(Cl)=C\CSc1nc2c(c(=O)n(Cc3ccccc3)c(=O)n2C)n1Cc1ccccc1,CHEMBL460136,10910.0,nM
CS(=O)(=O)c1cc(Oc2ccnc3[nH]c(=O)[nH]c23)ccc1NC(=O)Nc1ccc(Cl)c(C(F)(F)F)c1,CHEMBL495801,11000.0,nM
COc1cc(Nc2cncc(Oc3cccc(/C(C)=N/O)c3)n2)cc(OC)c1OC,CHEMBL482932,11000.0,nM
Cn1c(=O)[nH]c(=O)c2c1nc(SCC(N)=O)n2Cc1cccc(Br)c1,CHEMBL517286,11080.0,nM
O=c1[nH]c2cccc(Oc3cccc(NS(=O)(=O)c4cccc(OC(F)(F)F)c4)c3)c2[nH]1,CHEMBL603252,11300.0,nM
O=C(Nc1cc(Cl)cc(Oc2cccc3[nH]c(=O)[nH]c23)c1)c1cccc(OC(F)(F)F)c1,CHEMBL591493,11300.0,nM
C/C(=N/Nc1nc2c(c(=O)[nH]c(=O)n2C)n1Cc1ccccc1)c1ccccc1,CHEMBL459514,11360.0,nM
CC(=O)Nc1cccc(-c2cncc(Nc3ccccc3)n2)c1,CHEMBL425576,12000.0,nM
COc1cc(Nc2cncc(Nc3cccc(F)c3)n2)cc(OC)c1OC,CHEMBL520162,12000.0,nM
O=C(Nc1cccc(Oc2cccc3[nH]c(=O)[nH]c23)c1)Nc1cc(C(F)(F)F)ccc1F,CHEMBL603693,12200.0,nM
O=c1[nH]c2nccc(Oc3ccc(NS(=O)(=O)c4cccs4)cc3)c2[nH]1,CHEMBL485301,12200.0,nM
O=C(Nc1cccc(SC(F)(F)F)c1)c1cccc(Oc2cccc3[nH]c(=O)[nH]c23)c1,CHEMBL599438,13000.0,nM
COc1cc(Nc2cncc(Oc3cccc(NC(C)=O)c3)n2)cc(OC)c1OC,CHEMBL482927,13000.0,nM
CC(C)(C)c1cc(NC(=O)Nc2ccc(Oc3ccnc4[nH]c(=O)[nH]c34)cc2)n(Cc2ccccc2)n1,CHEMBL1090716,13400.0,nM
CC(C)(C)c1cc(C(=O)Nc2cccc(Oc3cccc4[nH]c(=O)[nH]c34)c2)n(-c2ccccc2)n1,CHEMBL597389,13700.0,nM
CC(C)c1cc(C(=O)Nc2cccc(Oc3cccc4[nH]c(=O)[nH]c34)c2)n(-c2ccccc2)n1,CHEMBL597589,13700.0,nM
O=C(Nc1ccc(Oc2cccc3[nH]c(=O)[nH]c23)cc1)c1ccc(Br)cc1,CHEMBL592438,14000.0,nM
COc1cc(Nc2cncc(Nc3cccc(NC(C)=O)c3)n2)cc(OC)c1OC,CHEMBL484116,14000.0,nM
O=C(Nc1ccc(Oc2ccnc3[nH]c(=O)[nH]c23)cc1)c1cccc(Br)c1,CHEMBL489840,14000.0,nM
CC(=O)Nc1cccc(-c2cncc(Nc3cccc(O)c3)n2)c1,CHEMBL199394,14000.0,nM
CCOC(=O)c1cccc(-c2cncc(Nc3cc(OC)c(OC)c(OC)c3)n2)c1,CHEMBL500416,14000.0,nM
CC(=O)Nc1cccc(-c2cncc(NCc3cc(C)[nH]n3)n2)c1,CHEMBL382262,14000.0,nM
Cn1nc(C(C)(C)C)cc1NC(=O)Nc1ccc(Oc2ccnc3[nH]c(=O)n(C)c23)cc1,CHEMBL1093703,14100.0,nM
O=C(Nc1cccc(OC(F)(F)F)c1)c1cccc(Oc2cccc3[nH]c(=O)[nH]c23)c1,CHEMBL603328,14600.0,nM
O=C(Nc1cccc(Oc2cccc3[nH]c(=O)[nH]c23)c1)c1cc(Cl)cc(OC(F)(F)F)c1,CHEMBL596997,14600.0,nM
Cc1ccc(-n2nc(C(F)(F)F)cc2NC(=O)c2cccc(Oc3cccc4[nH]c(=O)[nH]c34)c2)cc1,CHEMBL598005,14800.0,nM
O=C(Nc1cccc(Oc2cccc3[nH]c(=O)[nH]c23)c1)c1cc(OC(F)(F)F)ccc1F,CHEMBL596793,15000.0,nM
O=c1[nH]c2cccc(Oc3cccc(NS(=O)(=O)c4cccc(C(F)(F)F)c4)c3)c2[nH]1,CHEMBL598624,15400.0,nM
O=C(Nc1cccc(Oc2cccc3[nH]c(=O)[nH]c23)c1)c1cccc(N2CCCCC2)c1,CHEMBL599049,15400.0,nM
O=C(Nc1ccc(Oc2ccnc3[nH]c(=O)[nH]c23)cc1)c1ccc(Cl)c(C(F)(F)F)c1,CHEMBL489230,15900.0,nM
O=C(Nc1ccc(Oc2cccc3[nH]c(=O)[nH]c23)cc1)c1ccc(Cl)c(C(F)(F)F)c1,CHEMBL601302,15900.0,nM
O=C(Nc1cc(F)cc(Oc2cccc3[nH]c(=O)[nH]c23)c1)c1cccc(OC(F)(F)F)c1,CHEMBL601728,16000.0,nM
COc1cc(Nc2cncc(Oc3ccncc3)n2)cc(OC)c1OC,CHEMBL501946,16000.0,nM
COc1cc(Nc2cncc(Nc3ccccc3)n2)cc(OC)c1OC,CHEMBL504906,16000.0,nM
Cc1cccc(-c2n[nH]cc2-c2ccc3ncccc3n2)n1,CHEMBL185238,16000.0,nM
COc1cc(Nc2cncc(Nc3ccc(NC(C)=O)cc3)n2)cc(OC)c1OC,CHEMBL484114,16000.0,nM
COc1cc(NC(=O)c2cccc(OC(F)(F)F)c2)cc(Oc2cccc3[nH]c(=O)[nH]c23)c1,CHEMBL589803,16600.0,nM
O=C(Cc1ccccc1)Nc1ccc(Oc2ccnc3[nH]c(=O)[nH]c23)cc1,CHEMBL489038,16700.0,nM
O=C(Nc1ccc(Oc2ccnc3[nH]c(=O)[nH]c23)cc1)c1cccc(C(F)(F)F)c1,CHEMBL524096,17200.0,nM
C/C(Cl)=C/Cn1c(N/N=C(/C)c2ccc([N+](=O)[O-])cc2)nc2c1c(=O)[nH]c(=O)n2C,CHEMBL459935,17360.0,nM
CC(=O)Nc1cccc(-c2cncc(NCc3ccccc3)n2)c1,CHEMBL199800,18000.0,nM
COc1cc(Nc2cncc(Oc3cccc4c3CCC4=O)n2)cc(OC)c1OC,CHEMBL483717,18000.0,nM
COc1cc(Nc2cncc(Oc3cccc4c3CCCC4)n2)cc(OC)c1OC,CHEMBL484301,18000.0,nM
COc1cc(Nc2cncc(-c3ccc(O)cc3)n2)cc(OC)c1OC,CHEMBL500151,18000.0,nM
Cn1c(=O)[nH]c2nccc(Oc3ccc(NC(=O)c4cccc(SC(F)(F)F)c4)c4ccccc34)c21,CHEMBL497017,18400.0,nM
COc1cc(Nc2cncc(Oc3cccc(C(C)=O)c3)n2)cc(OC)c1OC,CHEMBL482931,19000.0,nM
COc1cc(Nc2cncc(Nc3ccc(F)cc3)n2)cc(OC)c1OC,CHEMBL484319,19000.0,nM
CC(C)(C)c1cccc(NC(=O)Nc2ccc(Oc3ccnc4[nH]c(=O)[nH]c34)c3ccccc23)c1,CHEMBL496073,19300.0,nM
CC1=C(C#N)c2nc(N)c(C#N)c(C)c2/C1=C/c1ccc(O)cc1,CHEMBL1082551,20000.0,nM
Oc1cc(O)c(-c2noc3ccc(NCCN4CCOCC4)cc23)cc1Cl,CHEMBL404630,20000.0,nM
CC(=O)Nc1cccc(-c2cncc(Nc3nc(C(C)(C)C)cs3)n2)c1,CHEMBL381275,20000.0,nM
O=C(Nc1cccc(Oc2cccc3[nH]c(=O)[nH]c23)c1)c1cccc(-n2cccc2)c1,CHEMBL603265,20400.0,nM
COc1ccc(Nc2cncc(-c3cccc(NC(C)=O)c3)n2)c(OC)c1,CHEMBL201272,21000.0,nM
Cc1ccc(NC(=O)c2cccc(C(F)(F)F)c2)cc1NC(=O)c1ccncc1,CHEMBL475433,21100.0,nM
O=C(Nc1cccc(Oc2cccc3[nH]c(=O)[nH]c23)c1)c1cc(F)cc(N2CCOCC2)c1,CHEMBL592685,21100.0,nM
O=c1[nH]c2cccc(Oc3cccc(NS(=O)(=O)c4cccc5ccccc45)c3)c2[nH]1,CHEMBL599852,21300.0,nM
O=C(Nc1cccc(Oc2cccc3[nH]c(=O)[nH]c23)c1)c1ccc2sccc2c1,CHEMBL597618,22000.0,nM
COc1cc(Nc2cncc(-c3cccnc3)n2)cc(OC)c1OC,CHEMBL525079,22000.0,nM
COc1cc(Nc2cncc(Oc3ccc4c(c3)C(=O)CC4)n2)cc(OC)c1OC,CHEMBL483718,22000.0,nM
O=c1[nH]c2cccc(Oc3cccc(NS(=O)(=O)c4cc(Cl)cc(C(F)(F)F)c4)c3)c2[nH]1,CHEMBL599440,23900.0,nM
CNC(=O)c1cc(Oc2ccc(Nc3nc4cc(Cl)ccc4[nH]3)cc2)ccn1,CHEMBL486164,25000.0,nM
COc1cc(Nc2cncc(Oc3ccc(/C(C)=N/O)cc3)n2)cc(OC)c1OC,CHEMBL519648,26000.0,nM
COc1cc(Nc2cncc(-c3cccc(NC(C)=O)c3)c2)cc(OC)c1OC,CHEMBL483921,26000.0,nM
COc1ccc(Nc2cncc(-c3cccc(NC(C)=O)c3)n2)cc1,CHEMBL199798,26000.0,nM
COc1cc(Nc2cncc(-c3ccc(CO)cc3)n2)cc(OC)c1OC,CHEMBL524868,26000.0,nM
CC(=O)Nc1cccc(-c2cncc(NCc3ccc(F)c(Cl)c3)n2)c1,CHEMBL274738,27000.0,nM
O=C(Nc1cccc(Oc2cccc3[nH]c(=O)[nH]c23)c1)c1ccc(F)c(OC(F)(F)F)c1,CHEMBL598429,27700.0,nM
Cn1nc(C(C)(C)C)cc1NC(=O)Nc1ccc(Oc2ccnc3[nH]c(=O)[nH]c23)cc1,CHEMBL1089706,28000.0,nM
COc1cc(Nc2cncc(Oc3cccc4c3CCCC4=O)n2)cc(OC)c1OC,CHEMBL519992,29000.0,nM
COc1cc(Nc2cncc(Oc3ccc4ncccc4c3)n2)cc(OC)c1OC,CHEMBL483914,29000.0,nM
O=C(Nc1cccc(Oc2cccc3[nH]c(=O)[nH]c23)c1)c1cccc2ccccc12,CHEMBL606404,29000.0,nM
CC1Nc2nc(NC(=O)c3ccc[n+](C)c3)[nH]c(=O)c2N(C(=O)c2ccc[n+](C)c2)C1C,CHEMBL516963,29420.0,nM
CSc1nc2c(c(=O)[nH]c(=O)n2C)n1Cc1ccccc1,CHEMBL459931,30110.0,nM
Cn1c(=O)[nH]c2nccc(Oc3ccc(NC(=O)c4cccc(OC(F)(F)F)c4)c4ccccc34)c21,CHEMBL496410,31000.0,nM
COc1cc(Nc2cncc(Oc3ccccc3)n2)cc(OC)c1OC,CHEMBL482482,31000.0,nM
O=c1[nH]c2nccc(Oc3ccc(NS(=O)(=O)c4ccccc4F)cc3)c2[nH]1,CHEMBL520818,32500.0,nM
CC(=O)Nc1cccc(-c2cncc(NCCOc3ccccc3)n2)c1,CHEMBL200964,33000.0,nM
CC(=O)Nc1cccc(-c2cncc(NCc3ccoc3)n2)c1,CHEMBL199588,33000.0,nM
O=C(Nc1ccc(Oc2ccnc3[nH]c(=O)[nH]c23)c(F)c1)Nc1ccc(Cl)c(C(F)(F)F)c1,CHEMBL498024,34000.0,nM
COc1cc(Nc2cncc(Oc3ccc(C(C)=O)cc3)n2)cc(OC)c1OC,CHEMBL520625,34000.0,nM
CC(=O)Nc1cccc(-c2cncc(NCc3ccc4c(c3)OCCO4)n2)c1,CHEMBL370112,34000.0,nM
O=C(Nc1cc(C(F)(F)F)ccc1F)c1cccc(Oc2cccc3[nH]c(=O)[nH]c23)c1,CHEMBL599236,35000.0,nM
O=C(Nc1cccc(Oc2cccc3[nH]c(=O)[nH]c23)c1)c1ccccc1OC(F)(F)F,CHEMBL598428,35800.0,nM
COc1cc(Nc2cncc(Oc3cccc(Cl)c3)n2)cc(OC)c1OC,CHEMBL482929,36000.0,nM
CC(=O)Nc1cccc(-c2cncc(Nc3ccc4c(c3)OC(F)(F)O4)n2)c1,CHEMBL200075,37000.0,nM
C=CCn1c(N/N=C\c2cccc([N+](=O)[O-])c2)nc2c1c(=O)[nH]c(=O)n2C,CHEMBL516644,37480.0,nM
CC(=O)Nc1cccc(-c2cncc(NCc3cc(C)on3)n2)c1,CHEMBL201625,38000.0,nM
COc1cc(C2=C(c3cn(COC(C)(C)C)c4ccccc34)CNC2=O)cc(OC)c1OC,CHEMBL488646,38000.0,nM
COc1ccc(OCCNc2cncc(-c3cccc(NC(C)=O)c3)n2)cc1,CHEMBL198400,38000.0,nM
CC(=O)Nc1cccc(-c2cncc(Nc3ccc4c(c3)OC(F)(F)C(F)(F)O4)n2)c1,CHEMBL373242,39000.0,nM
COc1cc(C2=C(c3c[nH]c4ccccc34)C(=O)NC2=O)cc(OC)c1OC,CHEMBL201511,40000.0,nM
O=C(Nc1cccc(Oc2cccc3[nH]c(=O)[nH]c23)c1)Nc1cc(C(F)(F)F)ccc1N1CCOCC1,CHEMBL603696,42000.0,nM
COc1cc(Nc2cncc(Oc3ccc4c(c3)OC(=O)CC4)n2)cc(OC)c1OC,CHEMBL482893,44000.0,nM
COc1cc(Nc2cncc(Oc3ccccc3F)n2)cc(OC)c1OC,CHEMBL482926,45000.0,nM
COc1cc(Nc2cncc(Oc3cccnc3)n2)cc(OC)c1OC,CHEMBL482680,45000.0,nM
CC(=O)Nc1cccc(-c2cncc(NCCc3ccccc3)n2)c1,CHEMBL372149,45000.0,nM
CC(=O)Nc1cccc(-c2cncc(Nc3cccc(-c4cnco4)c3)n2)c1,CHEMBL198244,45000.0,nM
COc1cc(C2=C(c3cn(C)c4ccccc34)C(=O)NC2)cc(OC)c1OC,CHEMBL509435,50000.0,nM
Cn1c(=O)[nH]c(=O)c2c1nc(N/N=C\c1cccc([N+](=O)[O-])c1)n2Cc1ccccc1,CHEMBL459936,50000.0,nM
COc1cc(Nc2cncc(Oc3cccc(F)c3)n2)cc(OC)c1OC,CHEMBL520623,56000.0,nM
Cc1cc(C)n(-c2nc3c(c(=O)n(C)c(=O)n3C)n2Cc2ccccc2)n1,CHEMBL518187,57710.0,nM
Cn1c(=O)[nH]c(=O)c2c1nc(N/N=C\c1ccc([N+](=O)[O-])cc1)n2Cc1ccccc1,CHEMBL518163,57890.0,nM
O=c1[nH]c2cccc(Oc3cccc(NS(=O)(=O)c4ccc(Cl)c(C(F)(F)F)c4)c3)c2[nH]1,CHEMBL596981,66000.0,nM
COc1cc(Nc2cncc(Oc3ccc4c(c3)CCC4=O)n2)cc(OC)c1OC,CHEMBL521305,70000.0,nM
COc1ccccc1Nc1cncc(-c2cccc(NC(C)=O)c2)n1,CHEMBL201023,74000.0,nM
COc1cc(Nc2cncc(Oc3ccc4c(c3)CCCC4=O)n2)cc(OC)c1OC,CHEMBL483916,76000.0,nM
Nc1ncnc2c1ncn2CC(=O)c1c[nH]c2ccccc12,CHEMBL521155,82000.0,nM
COc1cc(Nc2cncc(Oc3ccc4c(c3)/C(=N/O)CC4)n2)cc(OC)c1OC,CHEMBL520632,86000.0,nM
COc1cc(Nc2cncc(Oc3ccc4c(c3)CCC/C4=N\O)n2)cc(OC)c1OC,CHEMBL483297,92000.0,nM
O=c1[nH]c2nccc(Oc3ccc(NS(=O)(=O)c4ccc(Cl)c(C(F)(F)F)c4)cc3)c2[nH]1,CHEMBL489648,100000.0,nM
O=c1[nH]c2nccc(Oc3ccc(NS(=O)(=O)c4ccc(Cl)cc4)cc3)c2[nH]1,CHEMBL489649,100000.0,nM
O=c1[nH]c2nccc(Oc3ccc(NS(=O)(=O)c4ccc(C(F)(F)F)cc4)cc3)c2[nH]1,CHEMBL485299,100000.0,nM
O=c1[nH]c2nccc(Oc3ccc(NS(=O)(=O)c4ccc(F)cc4)cc3)c2[nH]1,CHEMBL485300,100000.0,nM
CC(C)(C)c1cc(C(=O)Nc2cccc(Oc3cccc4[nH]c(=O)[nH]c34)c2)n(Cc2ccccc2)n1,CHEMBL603253,100000.0,nM
Cc1cccc(C)c1NC(=O)CSc1nnc(CN2CCOCC2)n1C,CHEMBL462280,100000.0,nM
CC(=O)c1c(C)nn2c3ccccc3n(CCN3CCOCC3)c12,CHEMBL516808,100000.0,nM
O=C(Nc1ccc(Oc2ccnc3[nH]c(=O)[nH]c23)cc1)c1ccccc1,CHEMBL489229,100000.0,nM
CC(=O)Nc1cccc(-c2cncc(Nc3cccc4c3OC(F)(F)C(F)(F)O4)n2)c1,CHEMBL199605,100000.0,nM
CN(C)c1cccc(S(=O)(=O)Nc2cccc(Oc3cccc4[nH]c(=O)[nH]c34)c2)c1,CHEMBL598836,100000.0,nM
COc1cc(C2C(C#N)=C(N)OC3=C2C(=O)CCC3)ccc1Cn1nc(C)c([N+](=O)[O-])c1C,CHEMBL462279,100000.0,nM
CCN(CC)Cc1c(C(=O)N/N=C/c2ccco2)nnn1-c1nonc1N,CHEMBL459500,100000.0,nM
O=C(Nc1ccc(Oc2ccnc3[nH]c(=O)[nH]c23)cc1)c1cccc(OC(F)(F)F)c1,CHEMBL489841,100000.0,nM
O=C(Nc1ccc(Oc2ccnc3[nH]c(=O)[nH]c23)cc1)Nc1ccccc1C(F)(F)F,CHEMBL476066,100000.0,nM
O=C(Cc1cc(F)cc(F)c1)Nc1ccc(Oc2ccnc3[nH]c(=O)[nH]c23)cc1,CHEMBL522582,100000.0,nM
O=C(Nc1ccc(Oc2ccnc3[nH]c(=O)[nH]c23)cc1)Nc1ccc(C(F)(F)F)cc1,CHEMBL476067,100000.0,nM
O=C(Nc1ccc(Oc2cccc3[nH]c(=O)[nH]c23)cc1)c1ccccc1,CHEMBL591258,100000.0,nM
O=C(Nc1ccc(Oc2cccc3[nH]c(=O)[nH]c23)cc1)c1cc(F)cc(N2CCOCC2)c1,CHEMBL591263,100000.0,nM
O=C(Nc1ccc(F)c(F)c1)Nc1ccc(Oc2ccnc3[nH]c(=O)[nH]c23)c2ccccc12,CHEMBL498113,100000.0,nM
O=C(Nc1ccc(Cl)cc1)Nc1ccc(Oc2ccnc3[nH]c(=O)[nH]c23)cc1,CHEMBL477062,100000.0,nM
O=C(Nc1ccc(Cl)c(C(F)(F)F)c1)Nc1ccc(Oc2ccnc3[nH]c(=O)[nH]c23)cc1-c1ccccc1,CHEMBL524812,100000.0,nM
CC(=O)Nc1cccc(-c2cncc(NCCCc3ccccc3)n2)c1,CHEMBL200130,100000.0,nM
O=C(Nc1cc(Oc2cccc3[nH]c(=O)[nH]c23)ccc1Cl)c1cccc(OC(F)(F)F)c1,CHEMBL606189,100000.0,nM
O=C(Nc1cc(Oc2cccc3[nH]c(=O)[nH]c23)c(Cl)cc1Cl)c1cccc(OC(F)(F)F)c1,CHEMBL591492,100000.0,nM
O=C(NC(C(=O)c1ccccc1)N1CCOCC1)c1cccs1,CHEMBL509283,100000.0,nM
O=C(Cn1c2ccccc2n2ncnc12)c1cccs1,CHEMBL502945,100000.0,nM
CCN1CCN(Cc2nc3cc(Cl)ccc3n2Cc2ccccc2)CC1,CHEMBL516655,100000.0,nM
O=C(Nc1ccc(Oc2ccnc3[nH]c(=O)[nH]c23)cc1)c1cc(F)cc(N2CCOCC2)c1,CHEMBL489842,100000.0,nM
CN1CCN(CC(=O)N2N=C(c3cccs3)CC2c2ccco2)CC1,CHEMBL459715,100000.0,nM
O=c1[nH]c2cccc(Oc3cccc(NS(=O)(=O)c4ccc(C(F)(F)F)cc4)c3)c2[nH]1,CHEMBL596984,100000.0,nM
O=c1[nH]c2cccc(Oc3cccc(NS(=O)(=O)c4ccc(Cl)cc4)c3)c2[nH]1,CHEMBL592616,100000.0,nM
COc1cc(Nc2nc(-c3cccc(NC(C)=O)c3)cnc2NC(C)=O)cc(OC)c1OC,CHEMBL484917,100000.0,nM
O=C(Nc1cccc(Oc2cccc3[nH]c(=O)[nH]c23)c1)c1cccc(Br)c1,CHEMBL603185,100000.0,nM
O=C(Nc1cccc(Oc2cccc3[nH]c(=O)[nH]c23)c1)c1cccc(N2CCCC2)c1,CHEMBL599048,100000.0,nM
COc1cc(Oc2ccnc3[nH]c(=O)[nH]c23)ccc1NC(=O)Nc1ccc(Cl)c(C(F)(F)F)c1,CHEMBL523229,100000.0,nM
COc1ccc(CN2CCCN(Cc3ccc(OC)cc3)C2c2cccc(C)n2)cc1,CHEMBL460344,100000.0,nM
COc1ccc(NC(=O)c2cccc(OC(F)(F)F)c2)cc1Oc1cccc2[nH]c(=O)[nH]c12,CHEMBL589802,100000.0,nM
CC(=O)Nc1cccc(-c2cncc(Nc3ccc(F)c(Cl)c3)n2)c1,CHEMBL198348,100000.0,nM
COc1ccc(OC)c(C(O)c2coc3ccc(O)c(CN4CCOCC4)c23)c1,CHEMBL516494,100000.0,nM
O=C(Nc1cccc(Oc2cccc3[nH]c(=O)[nH]c23)c1)c1cccc2c1OCCCO2,CHEMBL597617,100000.0,nM
O=C(Nc1cccc(Oc2cccc3[nH]c(=O)[nH]c23)c1)c1cccc2c1OCCO2,CHEMBL598019,100000.0,nM
COc1cc(/C=N/NC(=O)CN2CCN(c3ccc(F)cc3)CC2)ccc1O,CHEMBL459736,100000.0,nM
O=C(Nc1cccc(Oc2cccc3[nH]c(=O)[nH]c23)c1)c1ccccc1,CHEMBL591257,100000.0,nM
COc1cccc(C2CC(C(F)(F)F)n3ncc(C(=O)Nc4ccc(OC)cc4OC)c3N2)c1,CHEMBL461621,100000.0,nM
O=C(Nc1cccc(Oc2cccc3[nH]c(=O)[nH]c23)c1)c1ccnc(Cl)c1,CHEMBL597619,100000.0,nM
COc1cc(Nc2cncc(Oc3ccc4ccccc4c3)n2)cc(OC)c1OC,CHEMBL520330,100000.0,nM
O=C(Nc1cccc(Oc2cccc3[nH]c(=O)[nH]c23)c1)c1ccnn1-c1ccccc1,CHEMBL598856,100000.0,nM
O=C(Nc1cccc(Oc2cccc3[nH]c(=O)[nH]c23)c1)c1cnn(-c2ccccc2)c1C(F)(F)F,CHEMBL597388,100000.0,nM
O=C(Nc1cccc(Oc2cccc3[nH]c(=O)[nH]c23)c1)c1ccc2c(c1)NSN2,CHEMBL604919,100000.0,nM
Cc1ccc(C2CC(c3ccccc3)=NN2C(=O)CN2CCOCC2)o1,CHEMBL462071,100000.0,nM
Cc1cc(C2C(C(=O)c3ccc4c(c3)OCCO4)=C(O)C(=O)N2CCCn2ccnc2)co1,CHEMBL516807,100000.0,nM
O=c1[nH]c2cccc(Oc3cccc(NS(=O)(=O)Cc4ccccc4)c3)c2[nH]1,CHEMBL598834,100000.0,nM
O=c1[nH]c2cccc(Oc3cccc(NS(=O)(=O)CCc4ccccc4)c3)c2[nH]1,CHEMBL598835,100000.0,nM
Cc1cc(C(=O)Nc2cccc(Oc3cccc4[nH]c(=O)[nH]c34)c2)n(C)n1,CHEMBL598652,100000.0,nM
CN1CCN(Cc2c3c(c(CN4CCN(C)CC4)c4c2CCC4)CCC3)CC1,CHEMBL459515,100000.0,nM
O=c1[nH]c2cccc(Oc3ccc(NS(=O)(=O)c4cccc(C(F)(F)F)c4)cc3)c2[nH]1,CHEMBL598625,100000.0,nM
O=c1[nH]c2cccc(Oc3ccc(NS(=O)(=O)c4ccc(Cl)c(C(F)(F)F)c4)cc3)c2[nH]1,CHEMBL599439,100000.0,nM
CC(=O)Nc1cccc(-c2cncc(NCc3ccccn3)n2)c1,CHEMBL433992,100000.0,nM
O=C(Nc1ccccc1)Nc1ccc(Oc2ccnc3[nH]c(=O)[nH]c23)cc1,CHEMBL476859,100000.0,nM
CC(=O)Nc1cccc(-c2cncc(NN(C)c3ccccc3)n2)c1,CHEMBL199805,100000.0,nM
COc1ccccc1N1C(=O)CC(N2CCC(C(N)=O)CC2)C1=O,CHEMBL459714,100000.0,nM
COc1cccc(N2C(=O)CC(N3CCN(Cc4ccccc4)CC3)C2=O)c1,CHEMBL462046,100000.0,nM
O=c1[nH]c2cccc(Oc3ccc(NS(=O)(=O)c4ccc(OC(F)(F)F)cc4)cc3)c2[nH]1,CHEMBL597399,100000.0,nM
COc1cc(CNc2cncc(-c3cccc(NC(C)=O)c3)n2)cc(OC)c1OC,CHEMBL199892,100000.0,nM
